cs_ref_id,src_student_id,gender,age,gpa_4,major,interested_domain,cs_projects,future_career,python_skill,sql_skill,java_skill,gpa_10
CSREF001,STU03651,Male,21,3.5,Computer Science,Artificial Intelligence,Chatbot Development,Machine Learning Researcher,Strong,Strong,Weak,8.75
CSREF002,STU04183,Female,20,3.2,Computer Science,Data Science,Data Analytics,Data Scientist,Average,Strong,Weak,8.0
CSREF003,STU00343,Male,22,3.8,Computer Science,Software Development,E-commerce Website,Software Engineer,Strong,Strong,Average,9.5
CSREF004,STU00250,Female,21,3.7,Computer Science,Web Development,Full-Stack Web App,Web Developer,Weak,Strong,Strong,9.25
CSREF005,STU04516,Male,23,3.4,Computer Science,Cybersecurity,Network Security,Information Security Analyst,Average,Weak,Strong,8.5
CSREF006,STU02335,Female,22,3.9,Computer Science,Machine Learning,Image Recognition,Machine Learning Engineer,Strong,Average,Weak,9.75
CSREF007,STU03700,Male,20,3.6,Computer Science,Database Management,SQL Query Optimization,Database Administrator,Average,Strong,Weak,9.0
CSREF008,STU04089,Female,21,3.7,Computer Science,Cloud Computing,AWS Deployment,Cloud Solutions Architect,Weak,Strong,Average,9.25
CSREF009,STU00705,Male,23,3.3,Computer Science,Mobile App Development,Android App,Mobile App Developer,Average,Weak,Strong,8.25
CSREF010,STU00298,Female,22,3.5,Computer Science,Computer Graphics,3D Rendering,Graphics Programmer,Weak,Average,Strong,8.75
CSREF011,STU01588,Male,21,3.8,Computer Science,Artificial Intelligence,Natural Language Processing,NLP Research Scientist,Strong,Average,Weak,9.5
CSREF012,STU04548,Male,22,3.7,Computer Science,Web Development,Full-Stack Web App,Web Developer,Strong,Strong,Average,9.25
CSREF013,STU00621,Female,21,3.3,Computer Science,Mobile App Development,iOS App,Mobile App Developer,Average,Weak,Strong,8.25
CSREF014,STU02541,Male,23,3.5,Computer Science,Computer Graphics,Game Development,Game Developer,Weak,Average,Strong,8.75
CSREF015,STU01792,Female,22,3.8,Computer Science,Software Engineering,E-commerce Website,Software Engineer,Strong,Strong,Average,9.5
CSREF016,STU04894,Male,20,3.6,Computer Science,Cybersecurity,Network Security,Information Security Analyst,Average,Weak,Strong,9.0
CSREF017,STU02647,Female,21,3.9,Computer Science,Machine Learning,Image Recognition,Machine Learning Engineer,Strong,Average,Weak,9.75
CSREF018,STU02650,Male,23,3.6,Computer Science,Database Management,SQL Query Optimization,Database Administrator,Average,Strong,Weak,9.0
CSREF019,STU03823,Female,22,3.7,Computer Science,Cloud Computing,AWS Deployment,Cloud Solutions Architect,Weak,Strong,Average,9.25
CSREF020,STU02627,Male,20,3.3,Computer Science,Mobile App Development,Android App,Mobile App Developer,Average,Weak,Strong,8.25
CSREF021,STU03251,Female,21,3.5,Computer Science,Computer Graphics,3D Rendering,Graphics Programmer,Weak,Average,Strong,8.75
CSREF022,STU04414,Male,23,3.8,Computer Science,Artificial Intelligence,Natural Language Processing,NLP Research Scientist,Strong,Average,Weak,9.5
CSREF023,STU01751,Male,22,3.7,Computer Science,Web Development,Full-Stack Web App,Web Developer,Strong,Strong,Average,9.25
CSREF024,STU01192,Female,21,3.3,Computer Science,Mobile App Development,iOS App,Mobile App Developer,Average,Weak,Strong,8.25
CSREF025,STU04133,Male,23,3.5,Computer Science,Computer Graphics,Game Development,Game Developer,Weak,Average,Strong,8.75
CSREF026,STU04143,Female,22,3.8,Computer Science,Software Engineering,E-commerce Website,Software Engineer,Strong,Strong,Average,9.5
CSREF027,STU00151,Male,20,3.6,Computer Science,Cybersecurity,Network Security,Information Security Analyst,Average,Weak,Strong,9.0
CSREF028,STU03668,Female,21,3.9,Computer Science,Machine Learning,Image Recognition,Machine Learning Engineer,Strong,Average,Weak,9.75
CSREF029,STU00916,Male,23,3.6,Computer Science,Database Management,SQL Query Optimization,Database Administrator,Average,Strong,Weak,9.0
CSREF030,STU01219,Female,22,3.7,Computer Science,Cloud Computing,AWS Deployment,Cloud Solutions Architect,Weak,Strong,Average,9.25
CSREF031,STU04300,Male,20,3.3,Computer Science,Mobile App Development,Android App,Mobile App Developer,Average,Weak,Strong,8.25
CSREF032,STU02722,Female,21,3.5,Computer Science,Computer Graphics,3D Rendering,Graphics Programmer,Weak,Average,Strong,8.75
CSREF033,STU03012,Male,23,3.8,Computer Science,Artificial Intelligence,Natural Language Processing,NLP Research Scientist,Strong,Average,Weak,9.5
CSREF034,STU03759,Male,22,3.7,Computer Science,Web Development,Full-Stack Web App,Web Developer,Strong,Strong,Average,9.25
CSREF035,STU00910,Female,21,3.3,Computer Science,Mobile App Development,iOS App,Mobile App Developer,Average,Weak,Strong,8.25
CSREF036,STU04955,Male,23,3.5,Computer Science,Computer Graphics,Game Development,Game Developer,Weak,Average,Strong,8.75
CSREF037,STU03349,Female,22,3.8,Computer Science,Software Engineering,E-commerce Website,Software Engineer,Strong,Strong,Average,9.5
CSREF038,STU02653,Male,20,3.6,Computer Science,Cybersecurity,Network Security,Information Security Analyst,Average,Weak,Strong,9.0
CSREF039,STU02687,Female,21,3.9,Computer Science,Machine Learning,Image Recognition,Machine Learning Engineer,Strong,Average,Weak,9.75
CSREF040,STU03011,Female,22,3.6,Computer Science,Cloud Computing,GCP Deployment,Cloud Solutions Architect,Strong,Strong,Average,9.0
CSREF041,STU01789,Male,20,3.3,Computer Science,Software Development,Social Media Platform,Software Engineer,Average,Weak,Strong,8.25
CSREF042,STU03249,Female,21,3.7,Computer Science,Web Development,E-commerce Website,Web Developer,Weak,Strong,Strong,9.25
CSREF043,STU01021,Male,23,3.5,Computer Science,Mobile App Development,iOS Game,Mobile App Developer,Average,Weak,Strong,8.75
CSREF044,STU04049,Female,22,3.8,Computer Science,Computer Graphics,3D Animation,Graphics Programmer,Weak,Average,Strong,9.5
CSREF045,STU00408,Male,21,3.6,Computer Science,Artificial Intelligence,Natural Language Processing,NLP Research Scientist,Strong,Average,Weak,9.0
CSREF046,STU00583,Female,20,3.3,Computer Science,Data Science,Machine Learning,Data Scientist,Average,Strong,Weak,8.25
CSREF047,STU02297,Male,22,3.7,Computer Science,Cybersecurity,Network Security,Information Security Analyst,Weak,Strong,Average,9.25
CSREF048,STU03263,Female,21,3.5,Computer Science,Database Management,SQL Query Optimization,Database Administrator,Average,Weak,Strong,8.75
CSREF049,STU03814,Male,23,3.8,Computer Science,Cloud Computing,AWS Deployment,Cloud Solutions Architect,Strong,Strong,Average,9.5
CSREF050,STU01712,Male,22,3.6,Computer Science,Software Development,Social Media Platform,Software Engineer,Average,Weak,Strong,9.0
CSREF051,STU01947,Female,21,3.7,Computer Science,Web Development,E-commerce Website,Web Developer,Weak,Strong,Strong,9.25
CSREF052,STU01966,Male,20,3.3,Computer Science,Mobile App Development,Android Game,Mobile App Developer,Average,Weak,Strong,8.25
CSREF053,STU00139,Female,22,3.8,Computer Science,Computer Graphics,3D Modeling,Graphics Programmer,Weak,Average,Strong,9.5
CSREF054,STU01541,Female,21,3.6,Computer Science,Artificial Intelligence,Natural Language Processing,NLP Research Scientist,Strong,Average,Weak,9.0
CSREF055,STU02793,Male,20,3.3,Computer Science,Data Science,Machine Learning,Data Scientist,Average,Strong,Weak,8.25
CSREF056,STU01875,Male,22,3.7,Computer Science,Cybersecurity,Network Security,Information Security Analyst,Weak,Strong,Average,9.25
CSREF057,STU04933,Male,21,3.5,Computer Science,Database Management,SQL Query Optimization,Database Administrator,Average,Weak,Strong,8.75
CSREF058,STU00329,Male,23,3.8,Computer Science,Cloud Computing,AWS Deployment,Cloud Solutions Architect,Strong,Strong,Average,9.5
CSREF059,STU02890,Male,22,3.6,Computer Science,Software Development,Social Media Platform,Software Engineer,Average,Weak,Strong,9.0
CSREF060,STU01606,Male,20,3.3,Computer Science,Web Development,E-commerce Website,Web Developer,Weak,Strong,Strong,8.25
CSREF061,STU03131,Male,21,3.7,Computer Science,Mobile App Development,Android Game,Mobile App Developer,Average,Weak,Strong,9.25
CSREF062,STU00999,Male,22,3.5,Computer Science,Computer Graphics,3D Animation,Graphics Programmer,Weak,Average,Strong,8.75
CSREF063,STU02882,Male,23,3.8,Computer Science,Artificial Intelligence,Natural Language Processing,NLP Research Scientist,Strong,Average,Weak,9.5
CSREF064,STU04864,Male,20,3.3,Computer Science,Data Science,Machine Learning,Data Scientist,Average,Strong,Weak,8.25
CSREF065,STU03060,Male,22,3.7,Computer Science,Cybersecurity,Network Security,Information Security Analyst,Weak,Strong,Average,9.25
CSREF066,STU03175,Male,21,3.5,Computer Science,Database Management,SQL Query Optimization,Database Administrator,Average,Weak,Strong,8.75
CSREF067,STU00655,Male,23,3.8,Computer Science,Cloud Computing,AWS Deployment,Cloud Solutions Architect,Strong,Strong,Average,9.5
CSREF068,STU03629,Male,22,3.6,Computer Science,Software Development,Social Media Platform,Software Engineer,Average,Weak,Strong,9.0
CSREF069,STU03461,Male,20,3.3,Computer Science,Web Development,E-commerce Website,Web Developer,Weak,Strong,Strong,8.25
CSREF070,STU03681,Male,21,3.7,Computer Science,Mobile App Development,Android Game,Mobile App Developer,Average,Weak,Strong,9.25
CSREF071,STU02053,Male,22,3.5,Computer Science,Computer Graphics,3D Animation,Graphics Programmer,Weak,Average,Strong,8.75
CSREF072,STU02131,Male,23,3.8,Computer Science,Artificial Intelligence,Natural Language Processing,NLP Research Scientist,Strong,Average,Weak,9.5
CSREF073,STU03785,Male,20,3.3,Computer Science,Data Science,Machine Learning,Data Scientist,Average,Strong,Weak,8.25
CSREF074,STU04151,Male,22,3.7,Computer Science,Cybersecurity,Network Security,Information Security Analyst,Weak,Strong,Average,9.25
CSREF075,STU00025,Male,21,3.5,Computer Science,Database Management,SQL Query Optimization,Database Administrator,Average,Weak,Strong,8.75
CSREF076,STU02317,Female,22,3.7,Computer Science,Cybersecurity,Network Security,Information Security Analyst,Weak,Strong,Average,9.25
CSREF077,STU03172,Male,35,3.9,Computer Science,Cloud Computing,AWS Deployment,Cloud Solutions Architect,Strong,Strong,Average,9.75
CSREF078,STU01647,Female,33,3.8,Computer Science,Cybersecurity,Network Security,Information Security Analyst,Weak,Strong,Average,9.5
CSREF079,STU01242,Female,37,3.7,Computer Science,Database Management,SQL Query Optimization,Database Administrator,Average,Weak,Strong,9.25
CSREF080,STU00811,Female,29,3.6,Computer Science,Mobile App Development,Android Game,Mobile App Developer,Strong,Average,Strong,9.0
CSREF081,STU00324,Female,31,3.5,Computer Science,Web Development,E-commerce Website,Web Developer,Weak,Strong,Strong,8.75
CSREF082,STU03473,Male,35,3.9,Computer Science,Software Development,Social Media Platform,Software Engineer,Average,Weak,Strong,9.75
CSREF083,STU01811,Male,37,3.8,Computer Science,Computer Graphics,3D Animation,Graphics Programmer,Weak,Average,Strong,9.5
CSREF084,STU02458,Female,29,3.7,Computer Science,Artificial Intelligence,Natural Language Processing,NLP Research Scientist,Strong,Average,Weak,9.25
CSREF085,STU01450,Male,33,3.6,Computer Science,Data Science,Machine Learning,Data Scientist,Average,Strong,Weak,9.0
CSREF086,STU04397,Male,22,3.7,Computer Science,Network Security,Firewall Management,Security Analyst,Strong,Average,Weak,9.25
CSREF087,STU03758,Female,21,3.6,Computer Science,Machine Learning,Deep Learning Models,Machine Learning Engineer,Strong,Average,Weak,9.0
CSREF088,STU01411,Male,23,3.8,Computer Science,Database Management,Data Warehouse Design,Database Administrator,Average,Strong,Weak,9.5
CSREF089,STU04667,Female,22,3.5,Computer Science,Software Development,Embedded Systems,Embedded Software Engineer,Weak,Strong,Average,8.75
CSREF090,STU01752,Male,21,3.9,Computer Science,Web Development,Front-End Development,Web Developer,Strong,Average,Weak,9.75
CSREF091,STU02643,Female,20,3.7,Computer Science,Data Science,Statistical Analysis,Data Analyst,Strong,Average,Weak,9.25
CSREF092,STU02023,Male,22,3.4,Computer Science,Artificial Intelligence,Robotics,Robotics Engineer,Strong,Strong,Weak,8.5
CSREF093,STU00353,Female,21,3.5,Computer Science,Game Development,Mobile Game Development,Game Developer,Weak,Strong,Average,8.75
CSREF094,STU02995,Male,23,3.6,Computer Science,Cybersecurity,Penetration Testing,Ethical Hacker,Strong,Strong,Average,9.0
CSREF095,STU00168,Female,20,3.2,Computer Science,Computer Vision,Object Detection,Computer Vision Engineer,Strong,Average,Weak,8.0
CSREF096,STU01395,Male,22,3.8,Computer Science,Software Engineering,DevOps,DevOps Engineer,Strong,Average,Weak,9.5
CSREF097,STU04055,Female,21,3.7,Computer Science,Bioinformatics,Genomic Data Analysis,Bioinformatician,Weak,Strong,Strong,9.25
CSREF098,STU01852,Male,23,3.4,Computer Science,IoT (Internet of Things),Smart Home Automation,IoT Developer,Weak,Strong,Average,8.5
CSREF099,STU00550,Female,22,3.9,Computer Science,Natural Language Processing,Chatbot Development,NLP Engineer,Strong,Average,Weak,9.75
CSREF100,STU03003,Male,20,3.6,Computer Science,Data Mining,Market Analysis,Data Analyst,Strong,Average,Weak,9.0
CSREF101,STU02980,Female,21,3.7,Computer Science,Cloud Computing,Cloud Migration Specialist,Cloud Solutions Architect,Weak,Strong,Average,9.25
CSREF102,STU02078,Male,23,3.3,Computer Science,Human-Computer Interaction,Usability Testing,UX Designer,Strong,Average,Weak,8.25
CSREF103,STU02153,Female,22,3.5,Computer Science,Biomedical Computing,Medical Imaging Analysis,Healthcare IT Specialist,Weak,Strong,Average,8.75
CSREF104,STU04526,Male,21,3.8,Computer Science,Quantum Computing,Quantum Algorithm Development,Quantum Computing Researcher,Strong,Average,Weak,9.5
CSREF105,STU03236,Male,22,3.7,Computer Science,Computer Graphics,Virtual Reality Development,VR Developer,Weak,Strong,Average,9.25
CSREF106,STU03511,Female,21,3.3,Computer Science,Blockchain Technology,Smart Contracts Developer,Blockchain Engineer,Weak,Average,Strong,8.25
CSREF107,STU00234,Male,23,3.5,Computer Science,Information Retrieval,Search Engine Optimization,SEO Specialist,Weak,Average,Strong,8.75
CSREF108,STU02055,Female,22,3.8,Computer Science,Data Privacy,Privacy Compliance Officer,Data Privacy Specialist,Weak,Average,Strong,9.5
CSREF109,STU03094,Male,20,3.6,Computer Science,Geographic Information Systems,GIS Mapping,Geospatial Analyst,Weak,Average,Strong,9.0
CSREF110,STU04870,Female,21,3.9,Computer Science,Distributed Systems,Distributed Systems Architect,Distributed Systems Engineer,Weak,Average,Strong,9.75
CSREF111,STU01788,Male,23,3.6,Computer Science,Digital Forensics,Computer Forensic Analyst,Digital Forensics Specialist,Weak,Average,Strong,9.0
CSREF112,STU00898,Female,22,3.7,Computer Science,Bioinformatics,Protein Structure Prediction,Bioinformatician,Weak,Average,Strong,9.25
CSREF113,STU01888,Male,20,3.3,Computer Science,Human-Computer Interaction,User Experience Researcher,UX Designer,Weak,Average,Strong,8.25
CSREF114,STU00409,Female,21,3.5,Computer Science,Biomedical Computing,Healthcare Data Analyst,Healthcare IT Specialist,Weak,Average,Strong,8.75
CSREF115,STU00352,Male,23,3.8,Computer Science,Quantum Computing,Quantum Algorithm Development,Quantum Computing Researcher,Weak,Average,Strong,9.5
CSREF116,STU02606,Female,20,3.6,Computer Science,Artificial Intelligence,Neural Network Development,AI Researcher,Strong,Average,Weak,9.0
CSREF117,STU01553,Male,22,3.4,Computer Science,Data Science,Big Data Analytics,Data Analyst,Average,Strong,Weak,8.5
CSREF118,STU04767,Female,21,3.9,Computer Science,Software Development,Mobile App Development,Software Engineer,Strong,Strong,Average,9.75
CSREF119,STU04332,Male,23,3.7,Computer Science,Web Development,E-commerce Website,Web Developer,Weak,Strong,Strong,9.25
CSREF120,STU02090,Female,22,3.5,Computer Science,Cybersecurity,Network Security,Information Security Analyst,Average,Weak,Strong,8.75
CSREF121,STU02101,Male,21,3.8,Computer Science,Machine Learning,Image Classification,Machine Learning Engineer,Strong,Weak,Weak,9.5
CSREF122,STU03488,Female,20,3.7,Computer Science,Database Management,SQL Database Design,Database Administrator,Weak,Strong,Average,9.25
CSREF123,STU02029,Male,23,3.3,Computer Science,Cloud Computing,Cloud Infrastructure Management,Cloud Solutions Architect,Strong,Weak,Weak,8.25
CSREF124,STU00766,Female,22,3.5,Computer Science,Mobile App Development,iOS App Development,Mobile App Developer,Average,Strong,Weak,8.75
CSREF125,STU03765,Male,21,3.8,Computer Science,Artificial Intelligence,Natural Language Processing,NLP Research Scientist,Strong,Weak,Weak,9.5
CSREF126,STU01659,Female,22,3.7,Computer Science,Web Development,Full-Stack Web App,Web Developer,Weak,Strong,Strong,9.25
CSREF127,STU01169,Male,23,3.3,Computer Science,Mobile App Development,Android App Development,Mobile App Developer,Average,Weak,Strong,8.25
CSREF128,STU02608,Female,20,3.5,Computer Science,Computer Graphics,3D Modeling,Graphics Programmer,Weak,Average,Strong,8.75
CSREF129,STU01363,Male,22,3.8,Computer Science,Software Engineering,Enterprise Software Development,Software Engineer,Strong,Strong,Average,9.5
CSREF130,STU01657,Female,21,3.7,Computer Science,Cybersecurity,Network Security,Information Security Analyst,Average,Weak,Strong,9.25
CSREF131,STU03842,Male,23,3.3,Computer Science,Database Management,SQL Query Optimization,Database Administrator,Average,Strong,Weak,8.25
CSREF132,STU02049,Female,22,3.5,Computer Science,Cloud Computing,AWS Deployment,Cloud Solutions Architect,Weak,Strong,Average,8.75
CSREF133,STU01084,Male,21,3.8,Computer Science,Artificial Intelligence,Computer Vision,AI Researcher,Strong,Average,Weak,9.5
CSREF134,STU02191,Male,23,3.7,Computer Science,Data Science,Machine Learning,Data Scientist,Average,Strong,Weak,9.25
CSREF135,STU04847,Female,20,3.6,Computer Science,Software Development,Web Application Development,Software Engineer,Strong,Weak,Strong,9.0
CSREF136,STU04508,Male,22,3.4,Computer Science,Web Development,E-commerce Website,Web Developer,Weak,Strong,Strong,8.5
CSREF137,STU04450,Female,21,3.9,Computer Science,Cybersecurity,Security Auditing,Information Security Analyst,Strong,Average,Weak,9.75
CSREF138,STU03137,Male,23,3.7,Computer Science,Machine Learning,Natural Language Processing,Machine Learning Engineer,Strong,Average,Weak,9.25
CSREF139,STU01104,Female,22,3.5,Computer Science,Database Management,SQL Database Administration,Database Administrator,Weak,Strong,Average,8.75
CSREF140,STU00513,Male,21,3.8,Computer Science,Cloud Computing,Cloud Solution Architecture,Cloud Solutions Architect,Strong,Strong,Weak,9.5
CSREF141,STU03666,Female,20,3.7,Computer Science,Mobile App Development,Cross-Platform App Development,Mobile App Developer,Weak,Strong,Average,9.25
CSREF142,STU04197,Male,23,3.3,Computer Science,Artificial Intelligence,Reinforcement Learning,AI Researcher,Strong,Weak,Average,8.25
CSREF143,STU04094,Female,22,3.5,Computer Science,Data Science,Data Mining,Data Analyst,Average,Weak,Strong,8.75
CSREF144,STU04008,Male,21,3.6,Computer Science,Web Development,Front-End Development,Web Developer,Weak,Strong,Average,9.0
CSREF145,STU00248,Female,20,3.7,Computer Science,Machine Learning,Computer Vision,Machine Learning Engineer,Strong,Average,Weak,9.25
CSREF146,STU03093,Female,22,3.7,Computer Science,Artificial Intelligence,Reinforcement Learning,AI Researcher,Strong,Average,Weak,9.25
CSREF147,STU04004,Male,21,3.6,Computer Science,Data Science,Machine Learning,Data Scientist,Strong,Average,Weak,9.0
CSREF148,STU00101,Female,20,3.8,Computer Science,Software Development,Mobile App Development,Software Engineer,Strong,Strong,Average,9.5
CSREF149,STU02494,Male,23,3.7,Computer Science,Web Development,E-commerce Website,Web Developer,Weak,Strong,Strong,9.25
CSREF150,STU04198,Female,22,3.5,Computer Science,Cybersecurity,Network Security,Information Security Analyst,Average,Weak,Strong,8.75
CSREF151,STU04836,Male,21,3.9,Computer Science,Machine Learning,Image Classification,Machine Learning Engineer,Strong,Average,Weak,9.75
CSREF152,STU00740,Female,22,3.7,Computer Science,Database Management,SQL Database Design,Database Administrator,Weak,Strong,Average,9.25
CSREF153,STU04009,Male,20,3.6,Computer Science,Cloud Computing,Cloud Infrastructure Management,Cloud Solutions Architect,Strong,Weak,Weak,9.0
CSREF154,STU00673,Female,21,3.5,Computer Science,Mobile App Development,iOS App Development,Mobile App Developer,Weak,Strong,Average,8.75
CSREF155,STU00437,Male,23,3.8,Computer Science,Artificial Intelligence,Natural Language Processing,NLP Research Scientist,Strong,Weak,Weak,9.5
CSREF156,STU04339,Male,22,3.7,Computer Science,Web Development,Full-Stack Web App,Web Developer,Weak,Strong,Strong,9.25
CSREF157,STU03261,Female,20,3.6,Computer Science,Cybersecurity,Security Auditing,Information Security Analyst,Strong,Average,Weak,9.0
CSREF158,STU03485,Male,21,3.4,Computer Science,Machine Learning,Natural Language Processing,Machine Learning Engineer,Strong,Average,Weak,8.5
CSREF159,STU04745,Female,22,3.5,Computer Science,Database Management,SQL Database Administration,Database Administrator,Weak,Strong,Average,8.75
CSREF160,STU03248,Male,23,3.7,Computer Science,Cloud Computing,Cloud Solution Architecture,Cloud Solutions Architect,Strong,Strong,Weak,9.25
CSREF161,STU02119,Female,20,3.8,Computer Science,Mobile App Development,Cross-Platform App Development,Mobile App Developer,Weak,Strong,Average,9.5
CSREF162,STU02154,Male,21,3.7,Computer Science,Artificial Intelligence,Reinforcement Learning,AI Researcher,Strong,Weak,Average,9.25
CSREF163,STU01865,Female,22,3.5,Computer Science,Data Science,Data Mining,Data Analyst,Average,Weak,Strong,8.75
CSREF164,STU02348,Male,23,3.6,Computer Science,Web Development,Front-End Development,Web Developer,Weak,Strong,Average,9.0
CSREF165,STU02925,Female,20,3.7,Computer Science,Machine Learning,Computer Vision,Machine Learning Engineer,Strong,Average,Weak,9.25
CSREF166,STU03850,Female,22,3.7,Computer Science,Artificial Intelligence,Neural Network Development,AI Researcher,Strong,Average,Weak,9.25
CSREF167,STU04048,Male,21,3.6,Computer Science,Data Science,Big Data Analytics,Data Analyst,Average,Strong,Weak,9.0
CSREF168,STU03736,Female,20,3.8,Computer Science,Software Development,Mobile App Development,Software Engineer,Strong,Strong,Average,9.5
CSREF169,STU03649,Male,23,3.7,Computer Science,Web Development,E-commerce Website,Web Developer,Weak,Strong,Strong,9.25
CSREF170,STU00152,Female,22,3.5,Computer Science,Cybersecurity,Network Security,Information Security Analyst,Average,Weak,Strong,8.75
CSREF171,STU00927,Male,21,3.9,Computer Science,Machine Learning,Image Classification,Machine Learning Engineer,Strong,Average,Weak,9.75
CSREF172,STU03229,Female,22,3.7,Computer Science,Database Management,SQL Database Design,Database Administrator,Weak,Strong,Average,9.25
CSREF173,STU01511,Male,20,3.6,Computer Science,Cloud Computing,Cloud Infrastructure Management,Cloud Solutions Architect,Strong,Weak,Weak,9.0
CSREF174,STU02276,Female,21,3.5,Computer Science,Mobile App Development,iOS App Development,Mobile App Developer,Weak,Strong,Average,8.75
CSREF175,STU02493,Male,23,3.8,Computer Science,Artificial Intelligence,Natural Language Processing,NLP Research Scientist,Strong,Weak,Weak,9.5
CSREF176,STU01481,Male,22,3.7,Computer Science,Web Development,Full-Stack Web App,Web Developer,Weak,Strong,Strong,9.25
CSREF177,STU02219,Female,20,3.6,Computer Science,Cybersecurity,Security Auditing,Information Security Analyst,Strong,Average,Weak,9.0
CSREF178,STU03465,Male,21,3.4,Computer Science,Machine Learning,Natural Language Processing,Machine Learning Engineer,Strong,Average,Weak,8.5
CSREF179,STU03417,Female,22,3.5,Computer Science,Database Management,SQL Database Administration,Database Administrator,Weak,Strong,Average,8.75
CSREF180,STU01745,Male,23,3.7,Computer Science,Cloud Computing,Cloud Solution Architecture,Cloud Solutions Architect,Strong,Strong,Weak,9.25
