student_id,gender,age,gpa,major,interested_domain,projects,future_career,python,sql,java
STU03651,Male,21,3.5,Computer Science,Artificial Intelligence,Chatbot Development,Machine Learning Researcher,Strong,Strong,Weak
STU04183,Female,20,3.2,Computer Science,Data Science,Data Analytics,Data Scientist,Average,Strong,Weak
STU00343,Male,22,3.8,Computer Science,Software Development,E-commerce Website,Software Engineer,Strong,Strong,Average
STU00250,Female,21,3.7,Computer Science,Web Development,Full-Stack Web App,Web Developer,Weak,Strong,Strong
STU04516,Male,23,3.4,Computer Science,Cybersecurity,Network Security,Information Security Analyst,Average,Weak,Strong
STU02335,Female,22,3.9,Computer Science,Machine Learning,Image Recognition,Machine Learning Engineer,Strong,Average,Weak
STU03700,Male,20,3.6,Computer Science,Database Management,SQL Query Optimization,Database Administrator,Average,Strong,Weak
STU04089,Female,21,3.7,Computer Science,Cloud Computing,AWS Deployment,Cloud Solutions Architect,Weak,Strong,Average
STU00705,Male,23,3.3,Computer Science,Mobile App Development,Android App,Mobile App Developer,Average,Weak,Strong
STU00298,Female,22,3.5,Computer Science,Computer Graphics,3D Rendering,Graphics Programmer,Weak,Average,Strong
STU01588,Male,21,3.8,Computer Science,Artificial Intelligence,Natural Language Processing,NLP Research Scientist,Strong,Average,Weak
STU04548,Male,22,3.7,Computer Science,Web Development,Full-Stack Web App,Web Developer,Strong,Strong,Average
STU00621,Female,21,3.3,Computer Science,Mobile App Development,iOS App,Mobile App Developer,Average,Weak,Strong
STU02541,Male,23,3.5,Computer Science,Computer Graphics,Game Development,Game Developer,Weak,Average,Strong
STU01792,Female,22,3.8,Computer Science,Software Engineering,E-commerce Website,Software Engineer,Strong,Strong,Average
STU04894,Male,20,3.6,Computer Science,Cybersecurity,Network Security,Information Security Analyst,Average,Weak,Strong
STU02647,Female,21,3.9,Computer Science,Machine Learning,Image Recognition,Machine Learning Engineer,Strong,Average,Weak
STU02650,Male,23,3.6,Computer Science,Database Management,SQL Query Optimization,Database Administrator,Average,Strong,Weak
STU03823,Female,22,3.7,Computer Science,Cloud Computing,AWS Deployment,Cloud Solutions Architect,Weak,Strong,Average
STU02627,Male,20,3.3,Computer Science,Mobile App Development,Android App,Mobile App Developer,Average,Weak,Strong
STU03251,Female,21,3.5,Computer Science,Computer Graphics,3D Rendering,Graphics Programmer,Weak,Average,Strong
STU04414,Male,23,3.8,Computer Science,Artificial Intelligence,Natural Language Processing,NLP Research Scientist,Strong,Average,Weak
STU01751,Male,22,3.7,Computer Science,Web Development,Full-Stack Web App,Web Developer,Strong,Strong,Average
STU01192,Female,21,3.3,Computer Science,Mobile App Development,iOS App,Mobile App Developer,Average,Weak,Strong
STU04133,Male,23,3.5,Computer Science,Computer Graphics,Game Development,Game Developer,Weak,Average,Strong
STU04143,Female,22,3.8,Computer Science,Software Engineering,E-commerce Website,Software Engineer,Strong,Strong,Average
STU00151,Male,20,3.6,Computer Science,Cybersecurity,Network Security,Information Security Analyst,Average,Weak,Strong
STU03668,Female,21,3.9,Computer Science,Machine Learning,Image Recognition,Machine Learning Engineer,Strong,Average,Weak
STU00916,Male,23,3.6,Computer Science,Database Management,SQL Query Optimization,Database Administrator,Average,Strong,Weak
STU01219,Female,22,3.7,Computer Science,Cloud Computing,AWS Deployment,Cloud Solutions Architect,Weak,Strong,Average
STU04300,Male,20,3.3,Computer Science,Mobile App Development,Android App,Mobile App Developer,Average,Weak,Strong
STU02722,Female,21,3.5,Computer Science,Computer Graphics,3D Rendering,Graphics Programmer,Weak,Average,Strong
STU03012,Male,23,3.8,Computer Science,Artificial Intelligence,Natural Language Processing,NLP Research Scientist,Strong,Average,Weak
STU03759,Male,22,3.7,Computer Science,Web Development,Full-Stack Web App,Web Developer,Strong,Strong,Average
STU00910,Female,21,3.3,Computer Science,Mobile App Development,iOS App,Mobile App Developer,Average,Weak,Strong
STU04955,Male,23,3.5,Computer Science,Computer Graphics,Game Development,Game Developer,Weak,Average,Strong
STU03349,Female,22,3.8,Computer Science,Software Engineering,E-commerce Website,Software Engineer,Strong,Strong,Average
STU02653,Male,20,3.6,Computer Science,Cybersecurity,Network Security,Information Security Analyst,Average,Weak,Strong
STU02687,Female,21,3.9,Computer Science,Machine Learning,Image Recognition,Machine Learning Engineer,Strong,Average,Weak
STU03011,Female,22,3.6,Computer Science,Cloud Computing,GCP Deployment,Cloud Solutions Architect,Strong,Strong,Average
STU01789,Male,20,3.3,Computer Science,Software Development,Social Media Platform,Software Engineer,Average,Weak,Strong
STU03249,Female,21,3.7,Computer Science,Web Development,E-commerce Website,Web Developer,Weak,Strong,Strong
STU01021,Male,23,3.5,Computer Science,Mobile App Development,iOS Game,Mobile App Developer,Average,Weak,Strong
STU04049,Female,22,3.8,Computer Science,Computer Graphics,3D Animation,Graphics Programmer,Weak,Average,Strong
STU00408,Male,21,3.6,Computer Science,Artificial Intelligence,Natural Language Processing,NLP Research Scientist,Strong,Average,Weak
STU00583,Female,20,3.3,Computer Science,Data Science,Machine Learning,Data Scientist,Average,Strong,Weak
STU02297,Male,22,3.7,Computer Science,Cybersecurity,Network Security,Information Security Analyst,Weak,Strong,Average
STU03263,Female,21,3.5,Computer Science,Database Management,SQL Query Optimization,Database Administrator,Average,Weak,Strong
STU03814,Male,23,3.8,Computer Science,Cloud Computing,AWS Deployment,Cloud Solutions Architect,Strong,Strong,Average
STU01712,Male,22,3.6,Computer Science,Software Development,Social Media Platform,Software Engineer,Average,Weak,Strong
STU01947,Female,21,3.7,Computer Science,Web Development,E-commerce Website,Web Developer,Weak,Strong,Strong
STU01966,Male,20,3.3,Computer Science,Mobile App Development,Android Game,Mobile App Developer,Average,Weak,Strong
STU00139,Female,22,3.8,Computer Science,Computer Graphics,3D Modeling,Graphics Programmer,Weak,Average,Strong
STU01541,Female,21,3.6,Computer Science,Artificial Intelligence,Natural Language Processing,NLP Research Scientist,Strong,Average,Weak
STU02793,Male,20,3.3,Computer Science,Data Science,Machine Learning,Data Scientist,Average,Strong,Weak
STU01875,Male,22,3.7,Computer Science,Cybersecurity,Network Security,Information Security Analyst,Weak,Strong,Average
STU04933,Male,21,3.5,Computer Science,Database Management,SQL Query Optimization,Database Administrator,Average,Weak,Strong
STU00329,Male,23,3.8,Computer Science,Cloud Computing,AWS Deployment,Cloud Solutions Architect,Strong,Strong,Average
STU02890,Male,22,3.6,Computer Science,Software Development,Social Media Platform,Software Engineer,Average,Weak,Strong
STU01606,Male,20,3.3,Computer Science,Web Development,E-commerce Website,Web Developer,Weak,Strong,Strong
STU03131,Male,21,3.7,Computer Science,Mobile App Development,Android Game,Mobile App Developer,Average,Weak,Strong
STU00999,Male,22,3.5,Computer Science,Computer Graphics,3D Animation,Graphics Programmer,Weak,Average,Strong
STU02882,Male,23,3.8,Computer Science,Artificial Intelligence,Natural Language Processing,NLP Research Scientist,Strong,Average,Weak
STU04864,Male,20,3.3,Computer Science,Data Science,Machine Learning,Data Scientist,Average,Strong,Weak
STU03060,Male,22,3.7,Computer Science,Cybersecurity,Network Security,Information Security Analyst,Weak,Strong,Average
STU03175,Male,21,3.5,Computer Science,Database Management,SQL Query Optimization,Database Administrator,Average,Weak,Strong
STU00655,Male,23,3.8,Computer Science,Cloud Computing,AWS Deployment,Cloud Solutions Architect,Strong,Strong,Average
STU03629,Male,22,3.6,Computer Science,Software Development,Social Media Platform,Software Engineer,Average,Weak,Strong
STU03461,Male,20,3.3,Computer Science,Web Development,E-commerce Website,Web Developer,Weak,Strong,Strong
STU03681,Male,21,3.7,Computer Science,Mobile App Development,Android Game,Mobile App Developer,Average,Weak,Strong
STU02053,Male,22,3.5,Computer Science,Computer Graphics,3D Animation,Graphics Programmer,Weak,Average,Strong
STU02131,Male,23,3.8,Computer Science,Artificial Intelligence,Natural Language Processing,NLP Research Scientist,Strong,Average,Weak
STU03785,Male,20,3.3,Computer Science,Data Science,Machine Learning,Data Scientist,Average,Strong,Weak
STU04151,Male,22,3.7,Computer Science,Cybersecurity,Network Security,Information Security Analyst,Weak,Strong,Average
STU00025,Male,21,3.5,Computer Science,Database Management,SQL Query Optimization,Database Administrator,Average,Weak,Strong
STU02317,Female,22,3.7,Computer Science,Cybersecurity,Network Security,Information Security Analyst,Weak,Strong,Average
STU03172,Male,35,3.9,Computer Science,Cloud Computing,AWS Deployment,Cloud Solutions Architect,Strong,Strong,Average
STU01647,Female,33,3.8,Computer Science,Cybersecurity,Network Security,Information Security Analyst,Weak,Strong,Average
STU01242,Female,37,3.7,Computer Science,Database Management,SQL Query Optimization,Database Administrator,Average,Weak,Strong
STU00811,Female,29,3.6,Computer Science,Mobile App Development,Android Game,Mobile App Developer,Strong,Average,Strong
STU00324,Female,31,3.5,Computer Science,Web Development,E-commerce Website,Web Developer,Weak,Strong,Strong
STU03473,Male,35,3.9,Computer Science,Software Development,Social Media Platform,Software Engineer,Average,Weak,Strong
STU01811,Male,37,3.8,Computer Science,Computer Graphics,3D Animation,Graphics Programmer,Weak,Average,Strong
STU02458,Female,29,3.7,Computer Science,Artificial Intelligence,Natural Language Processing,NLP Research Scientist,Strong,Average,Weak
STU01450,Male,33,3.6,Computer Science,Data Science,Machine Learning,Data Scientist,Average,Strong,Weak
STU04397,Male,22,3.7,Computer Science,Network Security,Firewall Management,Security Analyst,Strong,Average,Weak
STU03758,Female,21,3.6,Computer Science,Machine Learning,Deep Learning Models,Machine Learning Engineer,Strong,Average,Weak
STU01411,Male,23,3.8,Computer Science,Database Management,Data Warehouse Design,Database Administrator,Average,Strong,Weak
STU04667,Female,22,3.5,Computer Science,Software Development,Embedded Systems,Embedded Software Engineer,Weak,Strong,Average
STU01752,Male,21,3.9,Computer Science,Web Development,Front-End Development,Web Developer,Strong,Average,Weak
STU02643,Female,20,3.7,Computer Science,Data Science,Statistical Analysis,Data Analyst,Strong,Average,Weak
STU02023,Male,22,3.4,Computer Science,Artificial Intelligence,Robotics,Robotics Engineer,Strong,Strong,Weak
STU00353,Female,21,3.5,Computer Science,Game Development,Mobile Game Development,Game Developer,Weak,Strong,Average
STU02995,Male,23,3.6,Computer Science,Cybersecurity,Penetration Testing,Ethical Hacker,Strong,Strong,Average
STU00168,Female,20,3.2,Computer Science,Computer Vision,Object Detection,Computer Vision Engineer,Strong,Average,Weak
STU01395,Male,22,3.8,Computer Science,Software Engineering,DevOps,DevOps Engineer,Strong,Average,Weak
STU04055,Female,21,3.7,Computer Science,Bioinformatics,Genomic Data Analysis,Bioinformatician,Weak,Strong,Strong
STU01852,Male,23,3.4,Computer Science,IoT (Internet of Things),Smart Home Automation,IoT Developer,Weak,Strong,Average
STU00550,Female,22,3.9,Computer Science,Natural Language Processing,Chatbot Development,NLP Engineer,Strong,Average,Weak
STU03003,Male,20,3.6,Computer Science,Data Mining,Market Analysis,Data Analyst,Strong,Average,Weak
STU02980,Female,21,3.7,Computer Science,Cloud Computing,Cloud Migration Specialist,Cloud Solutions Architect,Weak,Strong,Average
STU02078,Male,23,3.3,Computer Science,Human-Computer Interaction,Usability Testing,UX Designer,Strong,Average,Weak
STU02153,Female,22,3.5,Computer Science,Biomedical Computing,Medical Imaging Analysis,Healthcare IT Specialist,Weak,Strong,Average
STU04526,Male,21,3.8,Computer Science,Quantum Computing,Quantum Algorithm Development,Quantum Computing Researcher,Strong,Average,Weak
STU03236,Male,22,3.7,Computer Science,Computer Graphics,Virtual Reality Development,VR Developer,Weak,Strong,Average
STU03511,Female,21,3.3,Computer Science,Blockchain Technology,Smart Contracts Developer,Blockchain Engineer,Weak,Average,Strong
STU00234,Male,23,3.5,Computer Science,Information Retrieval,Search Engine Optimization,SEO Specialist,Weak,Average,Strong
STU02055,Female,22,3.8,Computer Science,Data Privacy,Privacy Compliance Officer,Data Privacy Specialist,Weak,Average,Strong
STU03094,Male,20,3.6,Computer Science,Geographic Information Systems,GIS Mapping,Geospatial Analyst,Weak,Average,Strong
STU04870,Female,21,3.9,Computer Science,Distributed Systems,Distributed Systems Architect,Distributed Systems Engineer,Weak,Average,Strong
STU01788,Male,23,3.6,Computer Science,Digital Forensics,Computer Forensic Analyst,Digital Forensics Specialist,Weak,Average,Strong
STU00898,Female,22,3.7,Computer Science,Bioinformatics,Protein Structure Prediction,Bioinformatician,Weak,Average,Strong
STU01888,Male,20,3.3,Computer Science,Human-Computer Interaction,User Experience Researcher,UX Designer,Weak,Average,Strong
STU00409,Female,21,3.5,Computer Science,Biomedical Computing,Healthcare Data Analyst,Healthcare IT Specialist,Weak,Average,Strong
STU00352,Male,23,3.8,Computer Science,Quantum Computing,Quantum Algorithm Development,Quantum Computing Researcher,Weak,Average,Strong
STU02606,Female,20,3.6,Computer Science,Artificial Intelligence,Neural Network Development,AI Researcher,Strong,Average,Weak
STU01553,Male,22,3.4,Computer Science,Data Science,Big Data Analytics,Data Analyst,Average,Strong,Weak
STU04767,Female,21,3.9,Computer Science,Software Development,Mobile App Development,Software Engineer,Strong,Strong,Average
STU04332,Male,23,3.7,Computer Science,Web Development,E-commerce Website,Web Developer,Weak,Strong,Strong
STU02090,Female,22,3.5,Computer Science,Cybersecurity,Network Security,Information Security Analyst,Average,Weak,Strong
STU02101,Male,21,3.8,Computer Science,Machine Learning,Image Classification,Machine Learning Engineer,Strong,Weak,Weak
STU03488,Female,20,3.7,Computer Science,Database Management,SQL Database Design,Database Administrator,Weak,Strong,Average
STU02029,Male,23,3.3,Computer Science,Cloud Computing,Cloud Infrastructure Management,Cloud Solutions Architect,Strong,Weak,Weak
STU00766,Female,22,3.5,Computer Science,Mobile App Development,iOS App Development,Mobile App Developer,Average,Strong,Weak
STU03765,Male,21,3.8,Computer Science,Artificial Intelligence,Natural Language Processing,NLP Research Scientist,Strong,Weak,Weak
STU01659,Female,22,3.7,Computer Science,Web Development,Full-Stack Web App,Web Developer,Weak,Strong,Strong
STU01169,Male,23,3.3,Computer Science,Mobile App Development,Android App Development,Mobile App Developer,Average,Weak,Strong
STU02608,Female,20,3.5,Computer Science,Computer Graphics,3D Modeling,Graphics Programmer,Weak,Average,Strong
STU01363,Male,22,3.8,Computer Science,Software Engineering,Enterprise Software Development,Software Engineer,Strong,Strong,Average
STU01657,Female,21,3.7,Computer Science,Cybersecurity,Network Security,Information Security Analyst,Average,Weak,Strong
STU03842,Male,23,3.3,Computer Science,Database Management,SQL Query Optimization,Database Administrator,Average,Strong,Weak
STU02049,Female,22,3.5,Computer Science,Cloud Computing,AWS Deployment,Cloud Solutions Architect,Weak,Strong,Average
STU01084,Male,21,3.8,Computer Science,Artificial Intelligence,Computer Vision,AI Researcher,Strong,Average,Weak
STU02191,Male,23,3.7,Computer Science,Data Science,Machine Learning,Data Scientist,Average,Strong,Weak
STU04847,Female,20,3.6,Computer Science,Software Development,Web Application Development,Software Engineer,Strong,Weak,Strong
STU04508,Male,22,3.4,Computer Science,Web Development,E-commerce Website,Web Developer,Weak,Strong,Strong
STU04450,Female,21,3.9,Computer Science,Cybersecurity,Security Auditing,Information Security Analyst,Strong,Average,Weak
STU03137,Male,23,3.7,Computer Science,Machine Learning,Natural Language Processing,Machine Learning Engineer,Strong,Average,Weak
STU01104,Female,22,3.5,Computer Science,Database Management,SQL Database Administration,Database Administrator,Weak,Strong,Average
STU00513,Male,21,3.8,Computer Science,Cloud Computing,Cloud Solution Architecture,Cloud Solutions Architect,Strong,Strong,Weak
STU03666,Female,20,3.7,Computer Science,Mobile App Development,Cross-Platform App Development,Mobile App Developer,Weak,Strong,Average
STU04197,Male,23,3.3,Computer Science,Artificial Intelligence,Reinforcement Learning,AI Researcher,Strong,Weak,Average
STU04094,Female,22,3.5,Computer Science,Data Science,Data Mining,Data Analyst,Average,Weak,Strong
STU04008,Male,21,3.6,Computer Science,Web Development,Front-End Development,Web Developer,Weak,Strong,Average
STU00248,Female,20,3.7,Computer Science,Machine Learning,Computer Vision,Machine Learning Engineer,Strong,Average,Weak
STU03093,Female,22,3.7,Computer Science,Artificial Intelligence,Reinforcement Learning,AI Researcher,Strong,Average,Weak
STU04004,Male,21,3.6,Computer Science,Data Science,Machine Learning,Data Scientist,Strong,Average,Weak
STU00101,Female,20,3.8,Computer Science,Software Development,Mobile App Development,Software Engineer,Strong,Strong,Average
STU02494,Male,23,3.7,Computer Science,Web Development,E-commerce Website,Web Developer,Weak,Strong,Strong
STU04198,Female,22,3.5,Computer Science,Cybersecurity,Network Security,Information Security Analyst,Average,Weak,Strong
STU04836,Male,21,3.9,Computer Science,Machine Learning,Image Classification,Machine Learning Engineer,Strong,Average,Weak
STU00740,Female,22,3.7,Computer Science,Database Management,SQL Database Design,Database Administrator,Weak,Strong,Average
STU04009,Male,20,3.6,Computer Science,Cloud Computing,Cloud Infrastructure Management,Cloud Solutions Architect,Strong,Weak,Weak
STU00673,Female,21,3.5,Computer Science,Mobile App Development,iOS App Development,Mobile App Developer,Weak,Strong,Average
STU00437,Male,23,3.8,Computer Science,Artificial Intelligence,Natural Language Processing,NLP Research Scientist,Strong,Weak,Weak
STU04339,Male,22,3.7,Computer Science,Web Development,Full-Stack Web App,Web Developer,Weak,Strong,Strong
STU03261,Female,20,3.6,Computer Science,Cybersecurity,Security Auditing,Information Security Analyst,Strong,Average,Weak
STU03485,Male,21,3.4,Computer Science,Machine Learning,Natural Language Processing,Machine Learning Engineer,Strong,Average,Weak
STU04745,Female,22,3.5,Computer Science,Database Management,SQL Database Administration,Database Administrator,Weak,Strong,Average
STU03248,Male,23,3.7,Computer Science,Cloud Computing,Cloud Solution Architecture,Cloud Solutions Architect,Strong,Strong,Weak
STU02119,Female,20,3.8,Computer Science,Mobile App Development,Cross-Platform App Development,Mobile App Developer,Weak,Strong,Average
STU02154,Male,21,3.7,Computer Science,Artificial Intelligence,Reinforcement Learning,AI Researcher,Strong,Weak,Average
STU01865,Female,22,3.5,Computer Science,Data Science,Data Mining,Data Analyst,Average,Weak,Strong
STU02348,Male,23,3.6,Computer Science,Web Development,Front-End Development,Web Developer,Weak,Strong,Average
STU02925,Female,20,3.7,Computer Science,Machine Learning,Computer Vision,Machine Learning Engineer,Strong,Average,Weak
STU03850,Female,22,3.7,Computer Science,Artificial Intelligence,Neural Network Development,AI Researcher,Strong,Average,Weak
STU04048,Male,21,3.6,Computer Science,Data Science,Big Data Analytics,Data Analyst,Average,Strong,Weak
STU03736,Female,20,3.8,Computer Science,Software Development,Mobile App Development,Software Engineer,Strong,Strong,Average
STU03649,Male,23,3.7,Computer Science,Web Development,E-commerce Website,Web Developer,Weak,Strong,Strong
STU00152,Female,22,3.5,Computer Science,Cybersecurity,Network Security,Information Security Analyst,Average,Weak,Strong
STU00927,Male,21,3.9,Computer Science,Machine Learning,Image Classification,Machine Learning Engineer,Strong,Average,Weak
STU03229,Female,22,3.7,Computer Science,Database Management,SQL Database Design,Database Administrator,Weak,Strong,Average
STU01511,Male,20,3.6,Computer Science,Cloud Computing,Cloud Infrastructure Management,Cloud Solutions Architect,Strong,Weak,Weak
STU02276,Female,21,3.5,Computer Science,Mobile App Development,iOS App Development,Mobile App Developer,Weak,Strong,Average
STU02493,Male,23,3.8,Computer Science,Artificial Intelligence,Natural Language Processing,NLP Research Scientist,Strong,Weak,Weak
STU01481,Male,22,3.7,Computer Science,Web Development,Full-Stack Web App,Web Developer,Weak,Strong,Strong
STU02219,Female,20,3.6,Computer Science,Cybersecurity,Security Auditing,Information Security Analyst,Strong,Average,Weak
STU03465,Male,21,3.4,Computer Science,Machine Learning,Natural Language Processing,Machine Learning Engineer,Strong,Average,Weak
STU03417,Female,22,3.5,Computer Science,Database Management,SQL Database Administration,Database Administrator,Weak,Strong,Average
STU01745,Male,23,3.7,Computer Science,Cloud Computing,Cloud Solution Architecture,Cloud Solutions Architect,Strong,Strong,Weak
