student_id,school,sex,age,address,famsize,pstatus,medu,fedu,mjob,fjob,reason,guardian_mat,traveltime_mat,studytime_mat,failures_mat,schoolsup_mat,famsup_mat,paid_mat,activities_mat,nursery,higher_mat,internet,romantic_mat,famrel_mat,freetime_mat,goout_mat,dalc_mat,walc_mat,health_mat,absences_mat,g1_mat,g2_mat,g3_mat,guardian_por,traveltime_por,studytime_por,failures_por,schoolsup_por,famsup_por,paid_por,activities_por,higher_por,romantic_por,famrel_por,freetime_por,goout_por,dalc_por,walc_por,health_por,absences_por,g1_por,g2_por,g3_por
UCI_0001,GP,F,18,U,GT3,A,4,4,at_home,teacher,course,mother,2,2,0,yes,no,no,no,yes,yes,no,no,4,3,4,1,1,3,6,5,6,6,mother,2,2,0,yes,no,no,no,yes,no,4,3,4,1,1,3,4,0,11,11
UCI_0002,GP,F,17,U,GT3,T,1,1,at_home,other,course,father,1,2,0,no,yes,no,no,no,yes,yes,no,5,3,3,1,1,3,4,5,5,6,father,1,2,0,no,yes,no,no,yes,no,5,3,3,1,1,3,2,9,11,11
UCI_0003,GP,F,15,U,LE3,T,1,1,at_home,other,other,mother,1,2,3,yes,no,yes,no,yes,yes,yes,no,4,3,2,2,3,3,10,7,8,10,mother,1,2,0,yes,no,no,no,yes,no,4,3,2,2,3,3,6,12,13,12
UCI_0004,GP,F,15,U,GT3,T,4,2,health,services,home,mother,1,3,0,no,yes,yes,yes,yes,yes,yes,yes,3,2,2,1,1,5,2,15,14,15,mother,1,3,0,no,yes,no,yes,yes,yes,3,2,2,1,1,5,0,14,14,14
UCI_0005,GP,F,16,U,GT3,T,3,3,other,other,home,father,1,2,0,no,yes,yes,no,yes,yes,no,no,4,3,2,1,2,5,4,6,10,10,father,1,2,0,no,yes,no,no,yes,no,4,3,2,1,2,5,0,11,13,13
UCI_0006,GP,M,16,U,LE3,T,4,3,services,other,reputation,mother,1,2,0,no,yes,yes,yes,yes,yes,yes,no,5,4,2,1,2,5,10,15,15,15,mother,1,2,0,no,yes,no,yes,yes,no,5,4,2,1,2,5,6,12,12,13
UCI_0007,GP,M,16,U,LE3,T,2,2,other,other,home,mother,1,2,0,no,no,no,no,yes,yes,yes,no,4,4,4,1,1,3,0,12,12,11,mother,1,2,0,no,no,no,no,yes,no,4,4,4,1,1,3,0,13,12,13
UCI_0008,GP,F,17,U,GT3,A,4,4,other,teacher,home,mother,2,2,0,yes,yes,no,no,yes,yes,no,no,4,1,4,1,1,1,6,6,5,6,mother,2,2,0,yes,yes,no,no,yes,no,4,1,4,1,1,1,2,10,13,13
UCI_0009,GP,M,15,U,LE3,A,3,2,services,other,home,mother,1,2,0,no,yes,yes,no,yes,yes,yes,no,4,2,2,1,1,1,0,16,18,19,mother,1,2,0,no,yes,no,no,yes,no,4,2,2,1,1,1,0,15,16,17
UCI_0010,GP,M,15,U,GT3,T,3,4,other,other,home,mother,1,2,0,no,yes,yes,yes,yes,yes,yes,no,5,5,1,1,1,5,0,14,15,15,mother,1,2,0,no,yes,no,yes,yes,no,5,5,1,1,1,5,0,12,12,13
UCI_0011,GP,F,15,U,GT3,T,4,4,teacher,health,reputation,mother,1,2,0,no,yes,yes,no,yes,yes,yes,no,3,3,3,1,2,2,0,10,8,9,mother,1,2,0,no,yes,no,no,yes,no,3,3,3,1,2,2,2,14,14,14
UCI_0012,GP,F,15,U,GT3,T,2,1,services,other,reputation,father,3,3,0,no,yes,no,yes,yes,yes,yes,no,5,2,2,1,1,4,4,10,12,12,father,3,3,0,no,yes,no,yes,yes,no,5,2,2,1,1,4,0,10,12,13
UCI_0013,GP,M,15,U,LE3,T,4,4,health,services,course,father,1,1,0,no,yes,yes,yes,yes,yes,yes,no,4,3,3,1,3,5,2,14,14,14,father,1,1,0,no,yes,no,yes,yes,no,4,3,3,1,3,5,0,12,13,12
UCI_0014,GP,M,15,U,GT3,T,4,3,teacher,other,course,mother,2,2,0,no,yes,yes,no,yes,yes,yes,no,5,4,3,1,2,3,2,10,10,11,mother,2,2,0,no,yes,no,no,yes,no,5,4,3,1,2,3,0,12,12,13
UCI_0015,GP,M,15,U,GT3,A,2,2,other,other,home,other,1,3,0,no,yes,no,no,yes,yes,yes,yes,4,5,2,1,1,3,0,14,16,16,other,1,3,0,no,yes,no,no,yes,yes,4,5,2,1,1,3,0,14,14,15
UCI_0016,GP,F,16,U,GT3,T,4,4,health,other,home,mother,1,1,0,no,yes,no,no,yes,yes,yes,no,4,4,4,1,2,2,4,14,14,14,mother,1,1,0,no,yes,no,no,yes,no,4,4,4,1,2,2,6,17,17,17
UCI_0017,GP,F,16,U,GT3,T,4,4,services,services,reputation,mother,1,3,0,no,yes,yes,yes,yes,yes,yes,no,3,2,3,1,2,2,6,13,14,14,mother,1,3,0,no,yes,no,yes,yes,no,3,2,3,1,2,2,10,13,13,14
UCI_0018,GP,F,16,U,GT3,T,3,3,other,other,reputation,mother,3,2,0,yes,yes,no,yes,yes,yes,no,no,5,3,2,1,1,4,4,8,10,10,mother,3,2,0,yes,yes,no,yes,yes,no,5,3,2,1,1,4,2,13,14,14
UCI_0019,GP,M,17,U,GT3,T,3,2,services,services,course,mother,1,1,3,no,yes,no,yes,yes,yes,yes,no,5,5,5,2,4,5,16,6,5,5,mother,1,1,3,no,yes,yes,yes,yes,no,5,5,5,2,4,5,2,8,8,7
UCI_0020,GP,M,16,U,LE3,T,4,3,health,other,home,father,1,1,0,no,no,yes,yes,yes,yes,yes,no,3,1,3,1,3,5,4,8,10,10,father,1,1,0,no,no,no,yes,yes,no,3,1,3,1,3,5,6,12,12,12
UCI_0021,GP,M,15,U,GT3,T,4,3,teacher,other,reputation,mother,1,2,0,no,no,no,no,yes,yes,yes,no,4,4,1,1,1,1,0,13,14,15,mother,1,2,0,no,no,no,no,yes,no,4,4,1,1,1,1,0,12,13,14
UCI_0022,GP,M,15,U,GT3,T,4,4,health,health,other,father,1,1,0,no,yes,yes,no,yes,yes,yes,no,5,4,2,1,1,5,0,12,15,15,father,1,1,0,no,yes,yes,no,yes,no,5,4,2,1,1,5,0,11,12,12
UCI_0023,GP,M,16,U,LE3,T,4,2,teacher,other,course,mother,1,2,0,no,no,no,yes,yes,yes,yes,no,4,5,1,1,3,5,2,15,15,16,mother,1,2,0,no,no,no,yes,yes,no,4,5,1,1,3,5,0,12,13,14
UCI_0024,GP,M,16,U,LE3,T,2,2,other,other,reputation,mother,2,2,0,no,yes,no,yes,yes,yes,yes,no,5,4,4,2,4,5,0,13,13,12,mother,2,2,0,no,yes,no,yes,yes,no,5,4,4,2,4,5,2,10,10,10
UCI_0025,GP,F,15,R,GT3,T,2,4,services,health,course,mother,1,3,0,yes,yes,yes,yes,yes,yes,yes,no,4,3,2,1,1,5,2,10,9,8,mother,1,3,0,yes,yes,no,yes,yes,no,4,3,2,1,1,5,2,10,11,10
UCI_0026,GP,F,16,U,GT3,T,2,2,services,services,home,mother,1,1,2,no,yes,yes,no,no,yes,yes,no,1,2,2,1,3,5,14,6,9,8,mother,1,1,0,no,yes,no,no,yes,no,1,2,2,1,3,5,6,10,11,12
UCI_0027,GP,M,15,U,GT3,T,2,2,other,other,home,mother,1,1,0,no,yes,yes,no,yes,yes,yes,no,4,2,2,1,2,5,2,12,12,11,mother,1,1,0,no,yes,no,no,yes,no,4,2,2,1,2,5,8,11,12,12
UCI_0028,GP,M,15,U,GT3,T,4,2,health,services,other,mother,1,1,0,no,no,yes,no,yes,yes,yes,no,2,2,4,2,4,1,4,15,16,15,mother,1,1,0,no,no,no,no,yes,no,2,2,4,2,4,1,0,11,11,11
UCI_0029,GP,M,16,U,LE3,A,3,4,services,other,home,mother,1,2,0,yes,yes,no,yes,yes,yes,yes,no,5,3,3,1,1,5,4,11,11,11,mother,1,2,0,yes,yes,yes,yes,yes,no,5,3,3,1,1,5,2,12,12,13
UCI_0030,GP,M,16,U,GT3,T,4,4,teacher,teacher,home,mother,1,2,0,no,yes,yes,yes,yes,yes,yes,yes,4,4,5,5,5,5,16,10,12,11,mother,1,2,0,no,yes,yes,yes,yes,yes,4,4,5,5,5,5,4,12,11,12
UCI_0031,GP,M,15,U,GT3,T,4,4,health,services,home,mother,1,2,0,no,yes,yes,no,no,yes,yes,no,5,4,2,3,4,5,0,9,11,12,mother,1,2,0,no,yes,yes,no,yes,no,5,4,2,3,4,5,0,10,11,11
UCI_0032,GP,M,15,U,GT3,T,4,4,services,services,reputation,mother,2,2,0,no,yes,no,yes,yes,yes,yes,no,4,3,1,1,1,5,0,17,16,17,mother,2,2,0,no,yes,no,yes,yes,no,4,3,1,1,1,5,2,15,15,15
UCI_0033,GP,M,15,R,GT3,T,4,3,teacher,at_home,course,mother,1,2,0,no,yes,no,yes,yes,yes,yes,yes,4,5,2,1,1,5,0,17,16,16,mother,1,2,0,no,yes,no,yes,yes,yes,4,5,2,1,1,5,0,13,14,15
UCI_0034,GP,M,15,U,LE3,T,3,3,other,other,course,mother,1,2,0,no,no,no,yes,no,yes,yes,no,5,3,2,1,1,2,0,8,10,12,mother,1,2,0,no,no,no,yes,yes,no,5,3,2,1,1,2,0,13,12,12
UCI_0035,GP,M,16,U,GT3,T,3,2,other,other,home,mother,1,1,0,no,yes,yes,no,no,yes,yes,no,5,4,3,1,1,5,0,12,14,15,mother,1,1,0,no,yes,no,no,yes,no,5,4,3,1,1,5,4,12,12,12
UCI_0036,GP,F,15,U,GT3,T,2,3,other,other,other,father,2,1,0,no,yes,no,yes,yes,yes,no,no,3,5,1,1,1,5,0,8,7,6,father,2,1,0,no,yes,no,yes,yes,no,3,5,1,1,1,5,4,11,11,11
UCI_0037,GP,M,15,U,LE3,T,4,3,teacher,services,home,mother,1,3,0,no,yes,no,yes,yes,yes,yes,no,5,4,3,1,1,4,2,15,16,18,mother,1,3,0,no,yes,no,yes,yes,no,5,4,3,1,1,4,0,14,14,14
UCI_0038,GP,M,16,R,GT3,A,4,4,other,teacher,reputation,mother,2,3,0,no,yes,no,yes,yes,yes,yes,yes,2,4,3,1,1,5,7,15,16,15,mother,2,3,0,no,yes,no,yes,yes,yes,2,4,3,1,1,5,4,13,13,13
UCI_0039,GP,F,15,R,GT3,T,3,4,services,health,course,mother,1,3,0,yes,yes,yes,yes,yes,yes,yes,no,4,3,2,1,1,5,2,12,12,11,mother,1,3,0,yes,yes,no,yes,yes,no,4,3,2,1,1,5,2,11,12,12
UCI_0040,GP,F,15,R,GT3,T,2,2,at_home,other,reputation,mother,1,1,0,yes,yes,yes,yes,yes,yes,no,no,4,3,1,1,1,2,8,14,13,13,mother,1,1,0,yes,yes,no,yes,yes,no,4,3,1,1,1,2,8,14,13,12
UCI_0041,GP,F,16,U,LE3,T,2,2,other,other,home,mother,2,2,1,no,yes,no,yes,no,yes,yes,yes,3,3,3,1,2,3,25,7,10,11,mother,2,2,0,no,yes,no,yes,yes,yes,3,3,3,1,2,3,16,11,11,10
UCI_0042,GP,M,15,U,LE3,T,4,4,teacher,other,home,other,1,1,0,no,yes,no,no,no,yes,yes,yes,5,4,3,2,4,5,8,12,12,12,other,1,1,0,no,yes,no,no,yes,yes,5,4,3,2,4,5,8,10,11,11
UCI_0043,GP,M,15,U,GT3,T,4,4,services,teacher,course,father,1,2,0,no,yes,no,yes,yes,yes,yes,no,4,3,3,1,1,5,2,19,18,18,father,1,2,0,no,yes,no,yes,yes,no,4,3,3,1,1,5,0,14,15,15
UCI_0044,GP,M,15,U,GT3,T,2,2,services,services,course,father,1,1,0,yes,yes,no,no,yes,yes,yes,no,5,4,1,1,1,1,0,8,8,11,father,1,1,0,yes,yes,no,no,yes,no,5,4,1,1,1,1,0,9,10,10
UCI_0045,GP,F,16,U,LE3,T,2,2,other,at_home,course,father,2,2,1,yes,no,no,yes,yes,yes,yes,no,4,3,3,2,2,5,14,10,10,9,father,2,2,1,yes,no,no,yes,yes,no,4,3,3,2,2,5,14,10,11,11
UCI_0046,GP,F,15,U,LE3,A,4,3,other,other,course,mother,1,2,0,yes,yes,yes,yes,yes,yes,yes,yes,5,2,2,1,1,5,8,8,8,6,mother,1,2,0,yes,yes,yes,yes,yes,yes,5,2,2,1,1,5,4,10,11,11
UCI_0047,GP,F,16,U,LE3,A,3,3,other,services,home,mother,1,2,0,no,yes,no,no,yes,yes,yes,no,2,3,5,1,4,3,12,11,12,11,mother,1,2,0,no,yes,no,no,yes,no,2,3,5,1,4,3,6,13,12,13
UCI_0048,GP,M,16,U,GT3,T,4,3,health,services,reputation,mother,1,4,0,no,no,no,yes,yes,yes,yes,no,4,2,2,1,1,2,4,19,19,20,mother,1,4,0,no,no,no,yes,yes,no,4,2,2,1,1,2,2,17,17,17
UCI_0049,GP,M,15,U,GT3,T,4,2,teacher,other,home,mother,1,2,0,no,yes,yes,no,yes,yes,no,no,4,3,3,2,2,5,2,15,15,14,mother,1,2,0,no,yes,no,no,yes,no,4,3,3,2,2,5,4,11,12,13
UCI_0050,GP,F,15,U,GT3,T,4,4,services,teacher,other,father,1,2,1,yes,yes,no,yes,no,yes,yes,no,4,4,4,1,1,3,2,7,7,7,father,1,2,0,yes,yes,no,yes,yes,no,4,4,4,1,1,3,2,13,12,12
UCI_0051,GP,F,16,U,LE3,T,2,2,services,services,course,mother,3,2,0,no,yes,yes,no,yes,yes,yes,no,4,3,3,2,3,4,2,12,13,13,mother,3,2,0,no,yes,no,no,yes,no,4,3,3,2,3,4,0,14,13,13
UCI_0052,GP,F,15,U,LE3,T,4,2,health,other,other,mother,1,2,0,no,yes,yes,no,yes,yes,yes,no,4,3,3,1,1,5,2,11,13,13,mother,1,2,0,no,yes,no,no,yes,no,4,3,3,1,1,5,0,16,14,16
UCI_0053,GP,M,15,U,LE3,A,4,2,health,health,other,father,2,1,1,no,no,no,no,yes,yes,no,no,5,5,5,3,4,5,6,11,11,10,father,2,1,0,no,no,no,no,yes,no,5,5,5,3,4,5,4,10,9,9
UCI_0054,GP,F,15,U,GT3,T,4,4,services,services,course,mother,1,1,0,yes,yes,yes,no,yes,yes,yes,no,3,3,4,2,3,5,0,8,10,11,mother,1,1,0,yes,yes,no,no,yes,no,3,3,4,2,3,5,0,13,12,12
UCI_0055,GP,F,15,U,LE3,A,3,3,other,other,other,mother,1,1,0,no,no,yes,no,yes,yes,yes,no,5,3,4,4,4,1,6,10,13,13,mother,1,1,0,no,no,no,no,yes,no,5,3,4,4,4,1,0,13,12,13
UCI_0056,GP,F,16,U,GT3,A,2,1,other,other,other,mother,1,2,0,no,no,yes,yes,yes,yes,yes,yes,5,3,4,1,1,2,8,8,9,10,mother,1,2,0,no,no,no,yes,yes,yes,5,3,4,1,1,2,2,12,13,12
UCI_0057,GP,F,15,U,GT3,A,4,3,services,services,reputation,mother,1,2,0,no,yes,yes,yes,yes,yes,yes,no,4,3,2,1,1,1,0,14,15,15,mother,1,2,0,no,yes,no,yes,yes,no,4,3,2,1,1,1,0,15,14,15
UCI_0058,GP,M,15,U,GT3,T,4,4,teacher,health,reputation,mother,1,2,0,no,yes,no,yes,yes,yes,no,no,3,2,2,1,1,5,4,14,15,15,mother,1,2,0,no,yes,no,yes,yes,no,3,2,2,1,1,5,8,15,15,16
UCI_0059,GP,M,15,U,LE3,T,1,2,other,at_home,home,father,1,2,0,yes,yes,no,yes,yes,yes,yes,no,4,3,2,1,1,5,2,9,10,9,father,1,2,0,yes,yes,no,yes,yes,no,4,3,2,1,1,5,0,14,13,14
UCI_0060,GP,F,16,U,GT3,T,4,2,services,other,course,mother,1,2,0,no,yes,no,no,yes,yes,yes,no,4,2,3,1,1,5,2,15,16,16,mother,1,2,0,no,yes,yes,no,yes,no,4,2,3,1,1,5,2,16,15,16
UCI_0061,GP,F,16,R,GT3,T,4,4,health,teacher,other,mother,1,2,0,no,yes,no,yes,yes,yes,no,no,2,4,4,2,3,4,6,10,11,11,mother,1,2,0,no,yes,no,yes,yes,no,2,4,4,2,3,4,0,17,16,16
UCI_0062,GP,F,16,U,GT3,T,1,1,services,services,course,father,4,1,0,yes,yes,no,yes,no,yes,yes,yes,5,5,5,5,5,5,6,10,8,11,father,4,1,0,yes,yes,no,yes,yes,yes,5,5,5,5,5,5,0,10,10,16
UCI_0063,GP,F,16,U,LE3,T,1,2,other,services,reputation,father,1,2,0,yes,no,no,yes,yes,yes,yes,no,4,4,3,1,1,1,4,8,10,9,father,1,2,0,yes,no,no,yes,yes,no,4,4,3,1,1,1,0,13,13,10
UCI_0064,GP,F,16,U,GT3,T,4,3,teacher,health,home,mother,1,3,0,yes,yes,yes,yes,yes,yes,yes,no,3,4,4,2,4,4,2,10,9,9,mother,1,3,0,yes,yes,no,yes,yes,no,3,4,4,2,4,4,0,14,13,13
UCI_0065,GP,F,15,U,LE3,T,4,3,services,services,reputation,father,1,2,0,yes,no,no,yes,yes,yes,yes,yes,4,4,4,2,4,2,0,10,10,10,father,1,2,0,yes,no,no,yes,yes,yes,4,4,4,2,4,2,0,13,12,12
UCI_0066,GP,F,16,U,LE3,T,4,3,teacher,services,course,mother,3,2,0,no,yes,no,yes,yes,yes,yes,no,5,4,3,1,2,1,2,16,15,15,mother,3,2,0,no,yes,no,yes,yes,no,5,4,3,1,2,1,2,16,15,16
UCI_0067,GP,M,15,U,GT3,A,4,4,other,services,reputation,mother,1,4,0,no,yes,no,yes,no,yes,yes,yes,1,3,3,5,5,3,4,13,13,12,mother,1,4,0,no,yes,no,yes,yes,yes,1,3,3,5,5,3,0,11,12,12
UCI_0068,GP,F,16,U,GT3,T,3,1,services,other,course,mother,1,4,0,yes,yes,yes,no,yes,yes,yes,no,4,3,3,1,2,5,4,7,7,6,mother,1,4,0,yes,yes,no,no,yes,no,4,3,3,1,2,5,0,10,9,10
UCI_0069,GP,F,15,R,LE3,T,2,2,health,services,reputation,mother,2,2,0,yes,yes,yes,no,yes,yes,yes,no,4,1,3,1,3,4,2,8,9,8,mother,2,2,0,yes,yes,no,no,yes,no,4,1,3,1,3,4,0,11,10,11
UCI_0070,GP,F,15,R,LE3,T,3,1,other,other,reputation,father,2,4,0,no,yes,no,no,no,yes,yes,no,4,4,2,2,3,3,12,16,16,16,father,2,4,0,no,yes,no,no,yes,no,4,4,2,2,3,3,6,15,15,15
UCI_0071,GP,M,16,U,GT3,T,3,1,other,other,reputation,father,2,4,0,no,yes,yes,no,yes,yes,yes,no,4,3,2,1,1,5,0,13,15,15,father,2,4,0,no,yes,no,no,yes,no,4,3,2,1,1,5,2,13,11,11
UCI_0072,GP,M,15,U,GT3,T,4,2,other,other,course,mother,1,4,0,no,no,no,no,yes,yes,yes,no,3,3,3,1,1,3,0,10,10,10,mother,1,4,0,no,no,no,no,yes,no,3,3,3,1,1,3,0,11,9,10
UCI_0073,GP,F,15,R,GT3,T,1,1,other,other,reputation,mother,1,2,2,yes,yes,no,no,no,yes,yes,yes,3,3,4,2,4,5,2,8,6,5,mother,1,2,0,yes,yes,no,no,yes,yes,3,3,4,2,4,5,2,13,11,11
UCI_0074,GP,M,16,U,GT3,T,3,1,other,other,reputation,mother,1,1,0,no,no,no,yes,yes,yes,no,no,5,3,2,2,2,5,2,12,12,14,mother,1,1,0,no,no,no,yes,yes,no,5,3,2,2,2,5,0,13,13,14
UCI_0075,GP,F,16,U,GT3,T,3,3,other,services,home,mother,1,2,0,yes,yes,yes,yes,yes,yes,yes,no,4,3,3,2,4,5,54,11,12,11,mother,1,2,0,yes,yes,no,yes,yes,no,4,3,3,2,4,5,4,11,11,11
UCI_0076,GP,M,15,U,GT3,T,4,3,teacher,other,home,mother,1,2,0,no,yes,yes,yes,yes,yes,yes,no,4,3,3,2,3,5,6,9,9,10,mother,1,2,0,no,yes,no,yes,yes,no,4,3,3,2,3,5,0,11,11,11
UCI_0077,GP,M,15,U,GT3,T,4,0,teacher,other,course,mother,2,4,0,no,no,no,yes,yes,yes,yes,no,3,4,3,1,1,1,8,11,11,10,mother,2,4,0,no,no,no,yes,yes,no,3,4,3,1,1,1,0,12,11,11
UCI_0078,GP,F,16,U,GT3,T,2,2,other,other,reputation,mother,1,4,0,no,no,yes,no,yes,yes,yes,yes,5,2,3,1,3,3,0,11,11,11,mother,1,4,0,no,no,no,no,yes,yes,5,2,3,1,3,3,1,13,13,13
UCI_0079,GP,M,17,U,GT3,T,2,1,other,other,home,mother,2,1,3,yes,yes,no,yes,yes,no,yes,no,4,5,1,1,1,3,2,8,8,10,mother,2,1,3,yes,yes,no,yes,no,no,4,5,1,1,1,3,0,9,9,10
UCI_0080,GP,M,17,U,GT3,T,2,1,other,other,home,mother,2,1,3,yes,yes,no,yes,yes,no,yes,no,4,5,1,1,1,3,2,8,8,10,mother,1,1,0,no,yes,no,no,yes,no,5,4,5,1,2,5,22,9,7,6
UCI_0081,GP,F,16,U,GT3,T,3,4,at_home,other,course,mother,1,2,0,no,yes,no,no,yes,yes,yes,no,2,4,3,1,2,3,12,5,5,5,mother,1,2,0,no,yes,no,no,yes,no,2,4,3,1,2,3,14,12,11,11
UCI_0082,GP,M,15,U,GT3,T,2,3,other,services,course,father,1,1,0,yes,yes,yes,yes,no,yes,yes,yes,3,2,2,1,3,3,2,10,12,12,father,1,1,0,yes,yes,no,yes,yes,yes,3,2,2,1,3,3,0,11,11,12
UCI_0083,GP,M,15,U,GT3,T,2,3,other,other,home,mother,1,3,0,yes,no,yes,no,no,yes,yes,no,5,3,2,1,2,5,4,11,10,11,mother,1,3,0,yes,no,no,no,yes,no,5,3,2,1,2,5,2,10,9,9
UCI_0084,GP,F,15,U,LE3,T,3,2,services,other,reputation,mother,1,2,0,no,yes,yes,no,yes,yes,yes,no,4,4,4,1,1,5,10,7,6,6,mother,1,2,0,no,yes,no,no,yes,no,4,4,4,1,1,5,4,12,11,11
UCI_0085,GP,M,15,U,LE3,T,2,2,services,services,home,mother,2,2,0,no,no,yes,yes,yes,yes,yes,no,5,3,3,1,3,4,4,15,15,15,mother,2,2,0,no,no,yes,yes,yes,no,5,3,3,1,3,4,2,13,12,13
UCI_0086,GP,F,15,U,GT3,T,1,1,other,other,home,father,1,2,0,no,yes,no,yes,no,yes,yes,no,4,3,2,2,3,4,2,9,10,10,father,1,2,0,no,yes,no,yes,yes,no,4,3,2,2,3,4,2,13,12,12
UCI_0087,GP,F,15,U,GT3,T,4,4,services,services,reputation,father,2,2,2,no,no,yes,no,yes,yes,yes,yes,4,4,4,2,3,5,6,7,9,8,father,2,2,0,no,no,no,no,yes,yes,4,4,4,2,3,5,4,12,11,12
UCI_0088,GP,F,16,U,LE3,T,2,2,at_home,other,course,mother,1,2,0,no,yes,no,no,yes,yes,no,no,4,3,4,1,2,2,4,8,7,6,mother,1,2,0,no,yes,no,no,yes,no,4,3,4,1,2,2,6,13,11,11
UCI_0089,GP,F,15,U,GT3,T,4,2,other,other,reputation,mother,1,3,0,no,yes,no,yes,yes,yes,yes,no,5,3,3,1,3,1,4,13,14,14,mother,1,3,0,no,yes,no,yes,yes,no,5,3,3,1,3,1,4,15,15,15
UCI_0090,GP,M,16,U,GT3,T,2,2,services,other,reputation,father,2,2,1,no,no,yes,yes,no,yes,yes,no,4,4,2,1,1,3,12,11,10,10,father,2,2,0,no,no,no,yes,yes,no,4,4,2,1,1,3,6,12,10,11
UCI_0091,GP,M,16,U,LE3,A,4,4,teacher,health,reputation,mother,1,2,0,no,yes,no,no,yes,yes,no,no,4,1,3,3,5,5,18,8,6,7,mother,1,2,0,no,yes,no,no,yes,no,4,1,3,3,5,5,6,9,9,10
UCI_0092,GP,F,16,U,GT3,T,3,3,other,other,home,mother,1,3,0,no,yes,yes,no,yes,yes,yes,yes,4,3,3,1,3,4,0,7,7,8,mother,1,3,0,no,yes,no,no,yes,yes,4,3,3,1,3,4,2,9,11,11
UCI_0093,GP,F,15,U,GT3,T,4,3,services,other,reputation,mother,1,1,0,no,no,yes,yes,yes,yes,yes,no,4,5,5,1,3,1,4,16,17,18,mother,1,1,0,no,no,no,yes,yes,no,4,5,5,1,3,1,6,14,13,13
UCI_0094,GP,F,16,U,LE3,T,3,1,other,other,home,father,1,2,0,yes,yes,no,no,yes,yes,no,no,3,3,3,2,3,2,4,7,6,6,father,1,2,0,yes,yes,no,no,yes,no,3,3,3,2,3,2,0,12,13,12
UCI_0095,GP,F,16,U,GT3,T,4,2,teacher,services,home,mother,2,2,0,no,yes,yes,yes,yes,yes,yes,no,5,3,3,1,1,1,0,11,10,10,mother,2,2,0,no,yes,no,yes,yes,no,5,3,3,1,1,1,2,13,14,14
UCI_0096,GP,M,15,U,LE3,T,2,2,services,health,reputation,mother,1,4,0,no,yes,no,yes,yes,yes,yes,no,4,3,4,1,1,4,6,11,13,14,mother,1,4,0,no,yes,no,yes,yes,no,4,3,4,1,1,4,2,11,12,12
UCI_0097,GP,F,15,R,GT3,T,1,1,at_home,other,home,mother,2,4,1,yes,yes,yes,yes,yes,yes,yes,no,3,1,2,1,1,1,2,7,10,10,mother,2,4,0,yes,yes,yes,yes,yes,no,3,1,2,1,1,1,4,13,13,13
UCI_0098,GP,M,16,R,GT3,T,4,3,services,other,reputation,mother,2,1,0,yes,yes,no,yes,no,yes,yes,no,3,3,3,1,1,4,2,11,15,15,mother,2,1,0,yes,yes,yes,yes,yes,no,3,3,3,1,1,4,6,9,11,11
UCI_0099,GP,F,16,U,GT3,T,2,1,other,other,course,mother,1,2,0,no,yes,yes,no,yes,yes,no,yes,4,3,5,1,1,5,2,8,9,10,mother,1,2,0,no,yes,no,no,yes,yes,4,3,5,1,1,5,0,13,12,12
UCI_0100,GP,F,16,U,GT3,T,4,4,other,other,reputation,mother,1,1,0,no,no,no,yes,no,yes,yes,no,5,3,4,1,2,1,6,11,14,14,mother,1,1,0,no,no,no,yes,yes,no,5,3,4,1,2,1,4,12,13,13
UCI_0101,GP,F,16,U,GT3,T,4,3,other,at_home,course,mother,1,3,0,yes,yes,yes,no,yes,yes,yes,no,5,3,5,1,1,3,0,7,9,8,mother,1,3,0,yes,yes,no,no,yes,no,5,3,5,1,1,3,2,12,13,13
UCI_0102,GP,M,16,U,GT3,T,4,4,services,services,other,mother,1,1,0,yes,yes,yes,yes,yes,yes,yes,no,4,5,5,5,5,4,14,7,7,5,mother,1,1,0,yes,yes,no,yes,yes,no,4,5,5,5,5,4,12,9,9,8
UCI_0103,GP,M,16,U,GT3,T,4,4,services,teacher,other,father,1,3,0,no,yes,no,yes,yes,yes,yes,yes,4,4,3,1,1,4,0,16,17,17,father,1,3,0,no,yes,no,yes,yes,yes,4,4,3,1,1,4,0,16,16,16
UCI_0104,GP,M,15,U,GT3,T,4,4,services,other,course,mother,1,1,0,no,yes,no,yes,no,yes,yes,no,5,3,3,1,1,5,4,10,13,14,mother,1,1,0,no,yes,yes,yes,yes,no,5,3,3,1,1,5,2,12,13,12
UCI_0105,GP,F,15,U,GT3,T,3,2,services,other,home,mother,2,2,0,yes,yes,yes,no,yes,yes,yes,no,4,3,5,1,1,2,26,7,6,6,mother,2,2,0,yes,yes,no,no,yes,no,4,3,5,1,1,2,16,11,10,10
UCI_0106,GP,M,15,U,GT3,A,3,4,services,other,course,mother,1,2,0,no,yes,yes,yes,yes,yes,yes,no,5,4,4,1,1,1,0,16,18,18,mother,1,2,0,no,yes,no,yes,yes,no,5,4,4,1,1,1,0,16,16,16
UCI_0107,GP,F,15,U,GT3,A,3,3,other,health,reputation,father,1,4,0,yes,no,no,no,yes,yes,no,no,4,3,3,1,1,4,10,10,11,11,father,1,4,0,yes,no,no,no,yes,no,4,3,3,1,1,4,10,10,10,10
UCI_0108,GP,F,15,U,GT3,T,2,2,other,other,course,mother,1,4,0,yes,yes,yes,no,yes,yes,yes,no,5,1,2,1,1,3,8,7,8,8,mother,1,4,0,yes,yes,no,no,yes,no,5,1,2,1,1,3,4,10,10,10
UCI_0109,GP,M,16,U,GT3,T,3,3,services,other,home,father,1,3,0,no,yes,no,yes,yes,yes,yes,no,5,3,3,1,1,5,2,16,18,18,father,1,3,0,no,yes,no,yes,yes,no,5,3,3,1,1,5,4,13,14,14
UCI_0110,GP,M,16,U,GT3,T,3,3,services,other,home,father,1,3,0,no,yes,no,yes,yes,yes,yes,no,5,3,3,1,1,5,2,16,18,18,mother,1,2,0,no,no,no,yes,yes,yes,4,2,3,1,2,3,0,11,12,13
UCI_0111,GP,M,15,R,GT3,T,4,4,other,other,home,father,4,4,0,no,yes,yes,yes,yes,yes,yes,yes,1,3,5,3,5,1,6,10,13,13,father,4,4,0,no,yes,no,yes,yes,yes,1,3,5,3,5,1,8,12,10,11
UCI_0112,GP,F,16,U,LE3,T,4,4,health,health,other,mother,1,3,0,no,yes,yes,yes,yes,yes,yes,yes,5,4,5,1,1,4,4,14,15,16,mother,1,3,0,no,yes,no,yes,yes,yes,5,4,5,1,1,4,2,15,15,14
UCI_0113,GP,M,15,U,LE3,A,4,4,teacher,teacher,course,mother,1,1,0,no,no,no,yes,yes,yes,yes,no,5,5,3,1,1,4,6,18,19,19,mother,1,1,0,no,no,no,yes,yes,no,5,5,3,1,1,4,4,13,14,14
UCI_0114,GP,F,16,R,GT3,T,3,3,services,other,reputation,father,1,3,1,yes,yes,no,yes,yes,yes,yes,no,4,1,2,1,1,2,0,7,10,10,father,1,3,0,yes,yes,no,yes,yes,no,4,1,2,1,1,2,4,11,11,11
UCI_0115,GP,F,16,U,GT3,T,2,2,at_home,other,home,mother,1,2,1,yes,no,no,yes,yes,yes,yes,no,3,1,2,1,1,5,6,10,13,13,mother,1,2,1,yes,no,no,yes,yes,no,3,1,2,1,1,5,12,8,10,10
UCI_0116,GP,M,15,U,LE3,T,4,2,teacher,other,course,mother,1,1,0,no,no,no,no,yes,yes,yes,no,3,5,2,1,1,3,10,18,19,19,mother,1,1,0,no,no,no,no,yes,no,3,5,2,1,1,3,10,18,17,18
UCI_0117,GP,M,15,R,GT3,T,2,1,health,services,reputation,mother,1,2,0,no,no,no,yes,yes,yes,yes,yes,5,4,2,1,1,5,8,9,9,9,mother,1,2,0,no,no,no,yes,yes,yes,5,4,2,1,1,5,4,10,9,10
UCI_0118,GP,M,16,U,GT3,T,4,4,teacher,teacher,course,father,1,2,0,no,yes,no,yes,yes,yes,yes,no,5,4,4,1,2,5,2,15,15,16,father,1,2,0,no,yes,no,yes,yes,no,5,4,4,1,2,5,6,16,14,14
UCI_0119,GP,M,16,U,GT3,T,4,4,teacher,teacher,course,father,1,2,0,no,yes,no,yes,yes,yes,yes,no,5,4,4,1,2,5,2,15,15,16,mother,1,1,0,no,yes,no,no,no,yes,3,3,2,2,1,5,16,9,9,8
UCI_0120,GP,M,15,U,GT3,T,4,4,other,teacher,reputation,father,2,2,0,no,yes,no,yes,yes,yes,no,no,4,4,3,1,1,2,2,11,13,14,father,2,2,0,no,yes,no,yes,yes,no,4,4,3,1,1,2,4,16,15,16
UCI_0121,GP,M,16,U,GT3,T,3,3,other,services,home,father,2,1,0,no,no,no,yes,yes,yes,yes,no,5,4,2,1,1,5,0,13,14,13,father,2,1,0,no,no,no,yes,yes,no,5,4,2,1,1,5,6,14,14,15
UCI_0122,GP,M,17,R,GT3,T,1,3,other,other,course,father,3,2,1,no,yes,no,yes,yes,yes,yes,no,5,2,4,1,4,5,20,9,7,8,father,3,2,1,no,yes,no,yes,yes,no,5,2,4,1,4,5,14,12,11,11
UCI_0123,GP,M,15,U,GT3,T,3,4,other,other,reputation,father,1,1,0,no,no,no,no,yes,yes,yes,no,3,4,3,1,2,4,6,14,13,13,father,1,1,0,no,no,no,no,yes,no,3,4,3,1,2,4,2,14,13,14
UCI_0124,GP,F,15,U,GT3,T,1,2,at_home,services,course,mother,1,2,0,no,no,no,no,no,yes,yes,no,3,2,3,1,2,1,2,16,15,15,mother,1,2,0,no,no,no,no,yes,no,3,2,3,1,2,1,0,14,14,14
UCI_0125,GP,M,15,U,GT3,T,2,2,services,services,home,father,1,4,0,no,yes,yes,yes,yes,yes,yes,no,5,5,4,1,2,5,6,16,14,15,father,1,4,0,no,yes,no,yes,yes,no,5,5,4,1,2,5,6,14,13,13
UCI_0126,GP,F,16,U,LE3,T,2,4,other,health,course,father,2,2,0,no,yes,yes,yes,yes,yes,yes,yes,4,2,2,1,2,5,2,13,13,13,father,2,2,0,no,yes,no,yes,yes,yes,4,2,2,1,2,5,2,14,12,13
UCI_0127,GP,M,16,U,GT3,T,4,4,health,other,course,mother,1,1,0,no,yes,no,yes,yes,yes,yes,no,3,4,4,1,4,5,18,14,11,13,mother,1,1,0,no,yes,no,yes,yes,no,3,4,4,1,4,5,4,12,13,13
UCI_0128,GP,F,16,U,GT3,T,2,2,other,other,home,mother,1,2,0,no,no,yes,no,yes,yes,yes,yes,5,4,4,1,1,5,0,8,7,8,mother,1,2,0,no,no,no,no,yes,yes,5,4,4,1,1,5,0,12,11,11
UCI_0129,GP,M,15,U,GT3,T,3,4,services,services,home,father,1,1,0,yes,no,no,no,yes,yes,yes,no,5,5,5,3,2,5,0,13,13,12,father,1,1,0,yes,no,no,no,yes,no,5,5,5,3,2,5,2,9,9,9
UCI_0130,GP,F,15,U,LE3,A,3,4,other,other,home,mother,1,2,0,yes,no,no,yes,yes,yes,yes,yes,5,3,2,1,1,1,0,7,10,11,mother,1,2,0,yes,no,no,yes,yes,yes,5,3,2,1,1,1,0,10,11,11
UCI_0131,GP,F,19,U,GT3,T,0,1,at_home,other,course,other,1,2,3,no,yes,no,no,no,no,no,no,3,4,2,1,1,5,2,7,8,9,other,1,2,2,no,yes,no,no,no,no,3,4,2,1,1,5,0,9,10,11
UCI_0132,GP,M,16,R,GT3,T,4,4,teacher,teacher,course,mother,1,1,0,no,no,yes,yes,yes,yes,yes,no,3,5,5,2,5,4,8,18,18,18,mother,1,1,0,no,no,no,yes,yes,no,3,5,5,2,5,4,8,14,14,15
UCI_0133,GP,F,15,R,GT3,T,3,4,services,teacher,course,father,2,3,2,no,yes,no,no,yes,yes,yes,yes,4,2,2,2,2,5,0,12,0,0,father,2,3,0,no,yes,no,no,yes,yes,4,2,2,2,2,5,0,10,11,12
UCI_0134,GP,F,15,U,GT3,T,1,1,at_home,other,course,mother,3,1,0,no,yes,no,yes,no,yes,yes,yes,4,3,3,1,2,4,0,8,0,0,mother,3,1,0,no,yes,no,yes,yes,yes,4,3,3,1,2,4,6,11,12,13
UCI_0135,GP,F,17,U,LE3,T,2,2,other,other,course,father,1,1,0,no,yes,no,no,yes,yes,yes,yes,3,4,4,1,3,5,12,10,13,12,father,1,1,0,no,yes,no,no,yes,yes,3,4,4,1,3,5,2,13,12,12
UCI_0136,GP,F,16,U,GT3,A,3,4,services,other,course,father,1,1,0,no,no,no,no,yes,yes,yes,no,3,2,1,1,4,5,16,12,11,11,father,1,1,0,no,no,no,no,yes,no,3,2,1,1,4,5,12,15,13,14
UCI_0137,GP,M,15,R,GT3,T,3,4,at_home,teacher,course,mother,4,2,0,no,yes,no,no,yes,yes,no,yes,5,3,3,1,1,5,0,9,0,0,mother,4,2,0,no,yes,no,no,yes,yes,5,3,3,1,1,5,2,12,11,11
UCI_0138,GP,F,15,U,GT3,T,4,4,services,at_home,course,mother,1,3,0,no,yes,no,yes,yes,yes,yes,yes,4,3,3,1,1,5,0,11,0,0,mother,1,3,0,no,yes,no,yes,yes,yes,4,3,3,1,1,5,4,13,14,15
UCI_0139,GP,M,17,R,GT3,T,3,4,at_home,other,course,mother,3,2,0,no,no,no,no,yes,yes,no,no,5,4,5,2,4,5,0,10,0,0,mother,3,2,0,no,no,no,no,yes,no,5,4,5,2,4,5,2,10,9,10
UCI_0140,GP,F,16,U,GT3,A,3,3,other,other,course,other,2,1,2,no,yes,no,yes,no,yes,yes,yes,4,3,2,1,1,5,0,4,0,0,other,2,1,0,no,yes,no,yes,yes,yes,4,3,2,1,1,5,4,9,9,10
UCI_0141,GP,M,16,U,LE3,T,1,1,services,other,course,mother,1,2,1,no,no,no,no,yes,yes,no,yes,4,4,4,1,3,5,0,14,12,12,mother,1,2,2,no,no,no,no,yes,yes,4,4,4,1,3,5,0,10,10,10
UCI_0142,GP,F,15,U,GT3,T,4,4,teacher,teacher,course,mother,2,1,0,no,no,no,yes,yes,yes,yes,no,4,3,2,1,1,5,0,16,16,15,mother,2,1,0,no,no,no,yes,yes,no,4,3,2,1,1,5,6,13,14,14
UCI_0143,GP,M,15,U,GT3,T,4,3,teacher,services,course,father,2,4,0,yes,yes,no,no,yes,yes,yes,no,2,2,2,1,1,3,0,7,9,0,father,2,4,0,yes,yes,no,no,yes,no,2,2,2,1,1,3,6,9,11,11
UCI_0144,GP,M,16,U,LE3,T,2,2,services,services,reputation,father,2,1,2,no,yes,no,yes,yes,yes,yes,no,2,3,3,2,2,2,8,9,9,9,father,2,1,0,no,yes,no,yes,yes,no,2,3,3,2,2,2,4,12,11,11
UCI_0145,GP,F,15,U,GT3,T,4,4,teacher,services,course,mother,1,3,0,no,yes,yes,yes,yes,yes,yes,no,4,2,2,1,1,5,2,9,11,11,mother,1,3,0,no,yes,no,yes,yes,no,4,2,2,1,1,5,2,13,13,13
UCI_0146,GP,F,16,U,LE3,T,1,1,at_home,at_home,course,mother,1,1,0,no,no,no,no,yes,yes,yes,no,3,4,4,3,3,1,2,14,14,13,mother,1,1,0,no,no,no,no,yes,no,3,4,4,3,3,1,4,10,11,11
UCI_0147,GP,M,17,U,GT3,T,2,1,other,other,home,mother,1,1,3,no,yes,no,no,yes,yes,yes,no,5,4,5,1,2,5,0,5,0,0,mother,2,1,3,yes,yes,no,yes,no,no,4,5,1,1,1,3,0,9,9,10
UCI_0148,GP,M,17,U,GT3,T,2,1,other,other,home,mother,1,1,3,no,yes,no,no,yes,yes,yes,no,5,4,5,1,2,5,0,5,0,0,mother,1,1,0,no,yes,no,no,yes,no,5,4,5,1,2,5,22,9,7,6
UCI_0149,GP,F,15,U,GT3,T,1,1,other,services,course,father,1,2,0,no,yes,yes,no,yes,yes,yes,no,4,4,2,1,2,5,0,8,11,11,father,1,2,0,no,yes,no,no,yes,no,4,4,2,1,2,5,0,12,12,12
UCI_0150,GP,F,15,U,GT3,T,3,2,health,services,home,father,1,2,3,no,yes,no,no,yes,yes,yes,no,3,3,2,1,1,3,0,6,7,0,father,1,2,1,no,yes,no,no,yes,no,3,3,2,1,1,3,2,11,11,11
UCI_0151,GP,F,15,U,GT3,T,1,2,at_home,other,course,mother,1,2,0,no,yes,yes,no,no,yes,yes,no,4,3,2,1,1,5,2,10,11,11,mother,1,2,0,no,yes,no,no,yes,no,4,3,2,1,1,5,6,13,12,13
UCI_0152,GP,M,16,U,GT3,T,4,4,teacher,teacher,course,mother,1,1,0,no,yes,no,no,yes,no,yes,yes,3,3,2,2,1,5,0,7,6,0,father,1,2,0,no,yes,no,yes,yes,no,5,4,4,1,2,5,6,16,14,14
UCI_0153,GP,M,16,U,GT3,T,4,4,teacher,teacher,course,mother,1,1,0,no,yes,no,no,yes,no,yes,yes,3,3,2,2,1,5,0,7,6,0,mother,1,1,0,no,yes,no,no,no,yes,3,3,2,2,1,5,16,9,9,8
UCI_0154,GP,M,15,U,LE3,A,2,1,services,other,course,mother,4,1,3,no,no,no,no,yes,yes,yes,no,4,5,5,2,5,5,0,8,9,10,mother,4,1,0,no,no,no,no,yes,no,4,5,5,2,5,5,0,12,11,11
UCI_0155,GP,M,18,U,LE3,T,1,1,other,other,course,mother,1,1,3,no,no,no,no,yes,no,yes,yes,2,3,5,2,5,4,0,6,5,0,mother,1,1,2,no,no,no,no,no,yes,2,3,5,2,5,4,0,11,9,0
UCI_0156,GP,M,16,U,LE3,T,2,1,at_home,other,course,mother,1,1,1,no,no,no,yes,yes,yes,no,yes,4,4,4,3,5,5,6,12,13,14,mother,1,1,1,no,no,no,yes,yes,yes,4,4,4,3,5,5,6,9,10,10
UCI_0157,GP,F,15,R,GT3,T,3,3,services,services,reputation,other,2,3,2,no,yes,yes,yes,yes,yes,yes,yes,4,2,1,2,3,3,8,10,10,10,other,2,3,0,no,yes,yes,yes,yes,yes,4,2,1,2,3,3,2,13,13,13
UCI_0158,GP,M,19,U,GT3,T,3,2,services,at_home,home,mother,1,1,3,no,yes,no,no,yes,no,yes,yes,4,5,4,1,1,4,0,5,0,0,mother,1,1,0,no,yes,no,no,no,yes,4,5,4,1,1,4,6,11,9,11
UCI_0159,GP,F,17,U,GT3,T,4,4,other,teacher,course,mother,1,1,0,yes,yes,no,no,yes,yes,no,yes,4,2,1,1,1,4,0,11,11,12,mother,1,1,0,yes,yes,no,no,yes,yes,4,2,1,1,1,4,0,13,13,13
UCI_0160,GP,M,15,R,GT3,T,2,3,at_home,services,course,mother,1,2,0,yes,no,yes,yes,yes,yes,no,no,4,4,4,1,1,1,2,11,8,8,mother,1,2,0,yes,no,yes,yes,yes,no,4,4,4,1,1,1,0,7,8,8
UCI_0161,GP,M,17,R,LE3,T,1,2,other,other,reputation,mother,1,1,0,no,no,no,no,yes,yes,no,no,2,2,2,3,3,5,8,16,12,13,mother,1,1,3,no,no,no,no,yes,no,2,2,2,3,3,5,14,9,8,10
UCI_0162,GP,F,18,R,GT3,T,1,1,at_home,other,course,mother,3,1,3,no,yes,no,yes,no,yes,no,no,5,2,5,1,5,4,6,9,8,10,mother,3,1,3,no,yes,no,yes,yes,no,5,2,5,1,5,4,6,11,10,11
UCI_0163,GP,M,16,R,GT3,T,2,2,at_home,other,course,mother,3,1,0,no,no,no,no,no,yes,no,no,4,2,2,1,2,3,2,17,15,15,mother,3,1,0,no,no,no,no,yes,no,4,2,2,1,2,3,4,12,10,11
UCI_0164,GP,M,16,U,GT3,T,3,3,other,services,course,father,1,2,1,no,yes,yes,no,yes,yes,yes,yes,4,5,5,4,4,5,4,10,12,12,father,1,2,1,no,yes,no,no,yes,yes,4,5,5,4,4,5,0,10,10,1
UCI_0165,GP,M,17,R,LE3,T,2,1,at_home,other,course,mother,2,1,2,no,no,no,yes,yes,no,yes,yes,3,3,2,2,2,5,0,7,6,0,mother,2,1,1,no,no,yes,yes,no,yes,3,3,2,2,2,5,8,8,8,9
UCI_0166,GP,M,17,R,LE3,T,1,1,other,services,course,mother,4,2,3,no,no,no,yes,yes,no,no,yes,5,3,5,1,5,5,0,5,8,7,mother,4,2,0,no,no,no,yes,no,yes,5,3,5,1,5,5,0,8,8,8
UCI_0167,GP,M,16,U,GT3,T,2,2,other,other,course,father,1,2,0,no,no,no,no,yes,no,yes,no,4,3,5,2,4,4,4,10,10,10,father,1,2,0,no,no,no,no,no,no,4,3,5,2,4,4,0,9,10,11
UCI_0168,GP,F,16,U,GT3,T,4,2,health,services,home,father,1,2,0,no,no,yes,no,yes,yes,yes,yes,4,2,3,1,1,3,0,14,15,16,father,1,2,0,no,no,no,no,yes,yes,4,2,3,1,1,3,0,17,17,18
UCI_0169,GP,F,16,U,GT3,T,2,2,other,other,home,mother,1,2,0,no,yes,yes,no,no,yes,yes,no,5,1,5,1,1,4,0,6,7,0,mother,1,2,0,no,yes,no,no,yes,no,5,1,5,1,1,4,0,12,12,13
UCI_0170,GP,F,16,U,GT3,T,4,4,health,health,reputation,mother,1,2,0,no,yes,yes,no,yes,yes,yes,yes,4,4,2,1,1,3,0,14,14,14,mother,1,2,0,no,yes,no,no,yes,yes,4,4,2,1,1,3,0,16,16,17
UCI_0171,GP,M,16,U,GT3,T,3,4,other,other,course,father,3,1,2,no,yes,no,yes,no,yes,yes,no,3,4,5,2,4,2,0,6,5,0,father,3,1,1,no,yes,no,yes,yes,no,3,4,5,2,4,2,4,9,9,10
UCI_0172,GP,M,16,U,GT3,T,1,0,other,other,reputation,mother,2,2,0,no,yes,yes,yes,yes,yes,yes,yes,4,3,2,1,1,3,2,13,15,16,mother,2,2,0,no,yes,no,yes,yes,yes,4,3,2,1,1,3,0,16,17,18
UCI_0173,GP,M,17,U,LE3,T,4,4,teacher,other,reputation,mother,1,2,0,no,yes,yes,yes,yes,yes,yes,no,4,4,4,1,3,5,0,13,11,10,mother,1,2,0,no,yes,no,yes,yes,no,4,4,4,1,3,5,0,11,9,10
UCI_0174,GP,F,16,U,GT3,T,1,3,at_home,services,home,mother,1,2,3,no,no,no,yes,no,yes,yes,yes,4,3,5,1,1,3,0,8,7,0,mother,1,2,0,no,no,no,yes,yes,yes,4,3,5,1,1,3,0,14,13,13
UCI_0175,GP,F,16,U,LE3,T,3,3,other,other,reputation,mother,2,2,0,no,yes,yes,yes,yes,yes,yes,no,4,4,5,1,1,4,4,10,11,9,mother,2,2,0,no,yes,no,yes,yes,no,4,4,5,1,1,4,0,14,14,15
UCI_0176,GP,M,17,U,LE3,T,4,3,teacher,other,course,mother,2,2,0,no,no,yes,yes,yes,yes,yes,no,4,4,4,4,4,4,4,10,9,9,mother,2,2,0,no,no,no,yes,yes,no,4,4,4,4,4,4,0,10,11,11
UCI_0177,GP,F,16,U,GT3,T,2,2,services,other,reputation,mother,2,2,0,no,no,yes,yes,no,yes,yes,no,3,4,4,1,4,5,2,13,13,11,mother,2,2,0,no,no,no,yes,yes,no,3,4,4,1,4,5,0,13,12,14
UCI_0178,GP,M,17,U,GT3,T,3,3,other,other,reputation,father,1,2,0,no,no,no,yes,no,yes,yes,no,4,3,4,1,4,4,4,6,5,6,father,1,2,0,no,no,no,yes,yes,no,4,3,4,1,4,4,4,11,9,10
UCI_0179,GP,M,16,R,GT3,T,4,2,teacher,services,other,mother,1,1,0,no,yes,no,yes,yes,yes,yes,yes,4,3,3,3,4,3,10,10,8,9,mother,1,1,0,no,yes,no,yes,yes,yes,4,3,3,3,4,3,8,10,9,11
UCI_0180,GP,M,17,U,GT3,T,4,3,other,other,course,mother,1,2,0,no,yes,no,yes,yes,yes,yes,yes,5,2,3,1,1,2,4,10,10,11,mother,1,2,0,no,yes,yes,yes,yes,yes,5,2,3,1,1,2,4,11,11,13
UCI_0181,GP,M,16,U,GT3,T,4,3,teacher,other,home,mother,1,2,0,no,yes,yes,yes,yes,yes,yes,no,3,4,3,2,3,3,10,9,8,8,mother,1,2,0,no,yes,yes,yes,yes,no,3,4,3,2,3,3,4,11,10,11
UCI_0182,GP,M,16,U,GT3,T,3,3,services,other,home,mother,1,2,0,no,no,yes,yes,yes,yes,yes,yes,4,2,3,1,2,3,2,12,13,12,father,1,3,0,no,yes,no,yes,yes,no,5,3,3,1,1,5,4,13,14,14
UCI_0183,GP,M,16,U,GT3,T,3,3,services,other,home,mother,1,2,0,no,no,yes,yes,yes,yes,yes,yes,4,2,3,1,2,3,2,12,13,12,mother,1,2,0,no,no,no,yes,yes,yes,4,2,3,1,2,3,0,11,12,13
UCI_0184,GP,F,17,U,GT3,T,2,4,services,services,reputation,father,1,2,0,no,yes,no,yes,yes,yes,no,no,5,4,2,2,3,5,0,16,17,17,father,1,2,0,no,yes,no,yes,yes,no,5,4,2,2,3,5,0,17,18,17
UCI_0185,GP,F,17,U,LE3,T,3,3,other,other,reputation,mother,1,2,0,no,yes,no,yes,yes,yes,yes,yes,5,3,3,2,3,1,56,9,9,8,mother,1,2,0,no,yes,no,yes,yes,yes,5,3,3,2,3,1,32,14,13,14
UCI_0186,GP,F,16,U,GT3,T,3,2,other,other,reputation,mother,1,2,0,no,yes,yes,no,yes,yes,yes,no,1,2,2,1,2,1,14,12,13,12,mother,1,2,0,no,yes,no,no,yes,no,1,2,2,1,2,1,8,14,15,16
UCI_0187,GP,M,17,U,GT3,T,3,3,services,services,other,mother,1,2,0,no,yes,no,yes,yes,yes,yes,yes,4,3,4,2,3,4,12,12,12,11,mother,1,2,0,no,yes,no,yes,yes,yes,4,3,4,2,3,4,6,11,13,14
UCI_0188,GP,M,16,U,GT3,T,1,2,services,services,other,mother,1,1,0,no,yes,yes,yes,yes,yes,yes,yes,3,3,3,1,2,3,2,11,12,11,mother,1,1,0,no,yes,no,yes,yes,yes,3,3,3,1,2,3,0,10,9,11
UCI_0189,GP,M,16,U,LE3,T,2,1,other,other,course,mother,1,2,0,no,no,yes,yes,yes,yes,yes,yes,4,2,3,1,2,5,0,15,15,15,mother,1,2,0,no,no,no,yes,yes,yes,4,2,3,1,2,5,0,13,14,16
UCI_0190,GP,F,17,U,GT3,A,3,3,health,other,reputation,mother,1,2,0,no,yes,no,no,no,yes,yes,yes,3,3,3,1,3,3,6,8,7,9,mother,1,2,0,no,yes,no,no,yes,yes,3,3,3,1,3,3,10,12,13,14
UCI_0191,GP,M,17,R,GT3,T,1,2,at_home,other,home,mother,1,2,0,no,no,no,no,yes,yes,no,no,3,1,3,1,5,3,4,8,9,10,mother,1,2,0,no,no,no,no,yes,no,3,1,3,1,5,3,6,9,9,10
UCI_0192,GP,F,16,U,GT3,T,2,3,services,services,course,mother,1,2,0,no,no,no,no,yes,yes,yes,no,4,3,3,1,1,2,10,11,12,13,mother,1,2,0,no,no,no,no,yes,no,4,3,3,1,1,2,6,12,12,13
UCI_0193,GP,F,17,U,GT3,T,1,1,at_home,services,course,mother,1,2,0,no,no,no,yes,yes,yes,yes,no,5,3,3,1,1,3,0,8,8,9,mother,1,2,0,no,no,no,yes,yes,no,5,3,3,1,1,3,0,12,11,12
UCI_0194,GP,M,17,U,GT3,T,1,2,at_home,services,other,other,2,2,0,no,no,yes,yes,no,yes,yes,no,4,4,4,4,5,5,12,7,8,8,other,2,2,0,no,no,no,yes,yes,no,4,4,4,4,5,5,16,10,11,12
UCI_0195,GP,M,16,R,GT3,T,3,3,services,services,reputation,mother,1,1,0,no,yes,no,yes,yes,yes,yes,no,4,3,2,3,4,5,8,8,9,10,mother,1,1,0,no,yes,no,yes,yes,no,4,3,2,3,4,5,0,11,10,10
UCI_0196,GP,M,16,U,GT3,T,2,3,other,other,home,father,2,1,0,no,no,no,no,yes,yes,yes,no,5,3,3,1,1,3,0,13,14,14,father,2,1,0,no,no,no,no,yes,no,5,3,3,1,1,3,0,13,12,12
UCI_0197,GP,F,17,U,LE3,T,2,4,services,services,course,father,1,2,0,no,no,no,yes,yes,yes,yes,yes,4,3,2,1,1,5,0,14,15,15,father,1,2,0,no,no,no,yes,yes,yes,4,3,2,1,1,5,8,14,15,16
UCI_0198,GP,M,17,U,GT3,T,4,4,services,teacher,home,mother,1,1,0,no,no,no,no,yes,yes,yes,no,5,2,3,1,2,5,4,17,15,16,mother,1,1,0,no,no,no,no,yes,no,5,2,3,1,2,5,4,13,13,14
UCI_0199,GP,M,16,R,LE3,T,3,3,teacher,other,home,father,3,1,0,no,yes,yes,yes,yes,yes,yes,no,3,3,4,3,5,3,8,9,9,10,father,3,1,0,no,yes,no,yes,yes,no,3,3,4,3,5,3,16,10,11,12
UCI_0200,GP,F,17,U,GT3,T,4,4,services,teacher,home,mother,2,1,1,no,yes,no,no,yes,yes,yes,no,4,2,4,2,3,2,24,18,18,18,mother,2,1,1,no,yes,no,no,yes,no,4,2,4,2,3,2,30,14,15,16
UCI_0201,GP,F,16,U,LE3,T,4,4,teacher,teacher,reputation,mother,1,2,0,no,yes,yes,no,yes,yes,yes,no,4,5,2,1,2,3,0,9,9,10,mother,1,2,0,no,yes,no,no,yes,no,4,5,2,1,2,3,0,11,10,11
UCI_0202,GP,F,16,U,GT3,T,4,3,health,other,home,mother,1,2,0,no,yes,no,yes,yes,yes,yes,no,4,3,5,1,5,2,2,16,16,16,mother,1,2,0,no,yes,no,yes,yes,no,4,3,5,1,5,2,2,14,14,15
UCI_0203,GP,F,16,U,GT3,T,2,3,other,other,reputation,mother,1,2,0,yes,yes,yes,yes,yes,yes,no,no,4,4,3,1,3,4,6,8,10,10,mother,1,2,0,yes,yes,no,yes,yes,no,4,4,3,1,3,4,4,11,12,12
UCI_0204,GP,F,17,U,GT3,T,1,1,other,other,course,mother,1,2,0,no,yes,yes,no,no,yes,no,no,4,4,4,1,3,1,4,9,9,10,mother,1,2,0,no,yes,no,no,yes,no,4,4,4,1,3,1,0,14,15,15
UCI_0205,GP,F,17,R,GT3,T,2,2,other,other,reputation,mother,1,1,0,no,yes,no,no,yes,yes,yes,no,5,3,2,1,2,3,18,7,6,6,mother,1,1,0,no,yes,no,no,yes,no,5,3,2,1,2,3,21,13,13,13
UCI_0206,GP,F,16,R,GT3,T,2,2,services,services,reputation,mother,2,4,0,no,yes,yes,yes,no,yes,yes,no,5,3,5,1,1,5,6,10,10,11,mother,2,4,0,no,yes,no,yes,yes,no,5,3,5,1,1,5,6,13,13,13
UCI_0207,GP,F,17,U,GT3,T,3,4,at_home,services,home,mother,1,3,1,no,yes,yes,no,yes,yes,yes,yes,4,4,3,3,4,5,28,10,9,9,mother,1,3,1,no,yes,yes,no,yes,yes,4,4,3,3,4,5,14,8,9,8
UCI_0208,GP,F,16,U,GT3,A,3,1,services,other,course,mother,1,2,3,no,yes,yes,no,yes,yes,yes,no,2,3,3,2,2,4,5,7,7,7,mother,1,2,0,no,yes,no,no,yes,no,2,3,3,2,2,4,2,11,11,12
UCI_0209,GP,F,16,U,GT3,T,4,3,teacher,other,other,mother,1,2,0,no,no,yes,yes,yes,yes,yes,yes,1,3,2,1,1,1,10,11,12,13,mother,1,2,0,no,no,no,yes,yes,yes,1,3,2,1,1,1,4,14,15,15
UCI_0210,GP,F,16,U,GT3,T,1,1,at_home,other,home,mother,2,1,0,no,yes,yes,no,yes,yes,no,no,4,3,2,1,4,5,6,9,9,10,mother,2,1,0,no,yes,no,no,yes,no,4,3,2,1,4,5,2,12,13,13
UCI_0211,GP,F,17,R,GT3,T,4,3,teacher,other,reputation,mother,2,3,0,no,yes,yes,yes,yes,yes,yes,yes,4,4,2,1,1,4,6,7,7,7,mother,2,3,0,no,yes,no,yes,yes,yes,4,4,2,1,1,4,0,11,12,12
UCI_0212,GP,F,19,U,GT3,T,3,3,other,other,reputation,other,1,4,0,no,yes,yes,yes,yes,yes,yes,no,4,3,3,1,2,3,10,8,8,8,other,1,4,0,no,yes,no,yes,yes,no,4,3,3,1,2,3,4,12,12,12
UCI_0213,GP,M,17,U,LE3,T,4,4,services,other,home,mother,1,2,0,no,yes,yes,no,yes,yes,yes,yes,5,3,5,4,5,3,13,12,12,13,mother,1,2,0,no,yes,no,no,yes,yes,5,3,5,4,5,3,15,13,12,12
UCI_0214,GP,F,16,U,GT3,A,2,2,other,other,reputation,mother,1,2,0,yes,yes,yes,no,yes,yes,yes,no,3,3,4,1,1,4,0,12,13,14,mother,1,2,0,yes,yes,no,no,yes,no,3,3,4,1,1,4,0,13,13,13
UCI_0215,GP,M,18,U,GT3,T,2,2,services,other,home,mother,1,2,1,no,yes,yes,yes,yes,yes,yes,no,4,4,4,2,4,5,15,6,7,8,mother,1,2,0,no,yes,no,yes,yes,no,4,4,4,2,4,5,10,12,11,11
UCI_0216,GP,F,17,R,LE3,T,4,4,services,other,other,mother,1,1,0,no,yes,yes,no,yes,yes,no,no,5,2,1,1,2,3,12,8,10,10,mother,1,1,0,no,yes,no,no,yes,no,5,2,1,1,2,3,6,12,11,11
UCI_0217,GP,F,17,U,LE3,T,3,2,other,other,reputation,mother,2,2,0,no,no,yes,no,yes,yes,yes,no,4,4,4,1,3,1,2,14,15,15,mother,2,2,0,no,no,no,no,yes,no,4,4,4,1,3,1,2,14,16,15
UCI_0218,GP,F,17,U,GT3,T,4,3,other,other,reputation,mother,1,2,2,no,no,yes,no,yes,yes,yes,yes,3,4,5,2,4,1,22,6,6,4,mother,1,2,0,no,no,no,no,yes,yes,3,4,5,2,4,1,16,11,9,10
UCI_0219,GP,M,18,U,LE3,T,3,3,services,health,home,father,1,2,1,no,yes,yes,no,yes,yes,yes,no,3,2,4,2,4,4,13,6,6,8,father,1,2,0,no,yes,no,no,yes,no,3,2,4,2,4,4,10,10,10,10
UCI_0220,GP,F,17,U,GT3,T,2,3,at_home,other,home,father,2,1,0,no,yes,yes,no,yes,yes,no,no,3,3,3,1,4,3,3,7,7,8,father,2,1,0,no,yes,no,no,yes,no,3,3,3,1,4,3,4,12,13,13
UCI_0221,GP,F,17,U,GT3,T,2,2,at_home,at_home,course,mother,1,3,0,no,yes,yes,yes,yes,yes,yes,no,4,3,3,1,1,4,4,9,10,10,mother,1,3,0,no,yes,no,yes,yes,no,4,3,3,1,1,4,0,12,12,13
UCI_0222,GP,F,17,R,GT3,T,2,1,at_home,services,reputation,mother,2,2,0,no,yes,no,yes,yes,yes,yes,no,4,2,5,1,2,5,2,6,6,6,mother,2,2,0,no,yes,no,yes,yes,no,4,2,5,1,2,5,0,11,10,11
UCI_0223,GP,F,17,U,GT3,T,1,1,at_home,other,reputation,mother,1,3,1,no,yes,no,yes,yes,yes,no,yes,4,3,4,1,1,5,0,6,5,0,mother,1,3,0,no,yes,no,yes,yes,yes,4,3,4,1,1,5,12,12,12,12
UCI_0224,GP,F,16,U,GT3,T,2,3,services,teacher,other,mother,1,2,0,yes,no,no,no,yes,yes,yes,no,2,3,1,1,1,3,2,16,16,17,mother,1,2,0,yes,no,no,no,yes,no,2,3,1,1,1,3,0,13,13,14
UCI_0225,GP,M,18,U,GT3,T,2,2,other,other,home,mother,2,2,0,no,yes,yes,no,yes,yes,yes,no,3,3,3,5,5,4,0,12,13,13,mother,2,2,3,no,yes,yes,no,yes,no,3,3,3,5,5,4,9,10,9,10
UCI_0226,GP,F,16,U,GT3,T,4,4,teacher,services,home,mother,1,3,0,no,yes,no,yes,no,yes,yes,no,5,3,2,1,1,5,0,13,13,14,mother,1,3,0,no,yes,no,yes,yes,no,5,3,2,1,1,5,4,15,16,16
UCI_0227,GP,F,18,R,GT3,T,3,1,other,other,reputation,mother,1,2,1,no,no,no,yes,yes,yes,yes,yes,5,3,3,1,1,4,16,9,8,7,mother,1,2,0,no,no,no,yes,yes,yes,5,3,3,1,1,4,4,8,8,8
UCI_0228,GP,F,17,U,GT3,T,3,2,other,other,course,mother,1,2,0,no,no,no,yes,no,yes,yes,no,5,3,4,1,3,3,10,16,15,15,mother,1,2,0,no,no,no,yes,yes,no,5,3,4,1,3,3,2,17,18,17
UCI_0229,GP,M,17,U,LE3,T,2,3,services,services,reputation,father,1,2,0,no,yes,yes,no,no,yes,yes,no,5,3,3,1,3,3,2,12,11,12,father,1,2,0,no,yes,no,no,yes,no,5,3,3,1,3,3,0,10,11,11
UCI_0230,GP,M,18,U,LE3,T,2,1,at_home,other,course,mother,4,2,0,yes,yes,yes,yes,yes,yes,yes,yes,4,3,2,4,5,3,14,10,8,9,mother,4,2,0,yes,yes,no,yes,yes,yes,4,3,2,4,5,3,2,9,10,11
UCI_0231,GP,F,17,U,GT3,A,2,1,other,other,course,mother,2,3,0,no,no,no,yes,yes,yes,yes,yes,3,2,3,1,2,3,10,12,10,12,mother,2,3,0,no,no,no,yes,yes,yes,3,2,3,1,2,3,0,15,15,16
UCI_0232,GP,F,17,U,LE3,T,4,3,health,other,reputation,father,1,2,0,no,no,no,yes,yes,yes,yes,yes,3,2,3,1,2,3,14,13,13,14,father,1,2,0,no,no,no,yes,yes,yes,3,2,3,1,2,3,0,14,12,12
UCI_0233,GP,M,17,R,GT3,T,2,2,other,other,course,father,2,2,0,no,yes,yes,yes,yes,yes,yes,no,4,5,2,1,1,1,4,11,11,11,father,2,2,0,no,yes,no,yes,yes,no,4,5,2,1,1,1,0,12,13,13
UCI_0234,GP,M,17,U,GT3,T,4,4,teacher,teacher,reputation,mother,1,2,0,yes,yes,no,yes,yes,yes,yes,yes,4,5,5,1,3,2,14,11,9,9,mother,1,2,0,yes,yes,no,yes,yes,yes,4,5,5,1,3,2,0,13,13,13
UCI_0235,GP,M,16,U,GT3,T,4,4,health,other,reputation,father,1,2,0,no,yes,yes,yes,yes,yes,yes,no,4,2,4,2,4,1,2,14,13,13,father,1,2,0,no,yes,no,yes,yes,no,4,2,4,2,4,1,0,13,13,14
UCI_0236,GP,M,16,U,LE3,T,1,1,other,other,home,mother,2,2,0,no,yes,yes,no,yes,yes,yes,no,3,4,2,1,1,5,18,9,7,6,mother,2,2,0,no,yes,no,no,yes,no,3,4,2,1,1,5,2,9,9,9
UCI_0237,GP,M,16,U,GT3,T,3,2,at_home,other,reputation,mother,2,3,0,no,no,no,yes,yes,yes,yes,yes,5,3,3,1,3,2,10,11,9,10,mother,2,3,0,no,no,no,yes,yes,yes,5,3,3,1,3,2,0,12,12,12
UCI_0238,GP,M,17,U,LE3,T,2,2,other,other,home,father,1,2,0,no,no,yes,yes,no,yes,yes,yes,4,4,2,5,5,4,4,14,13,13,father,1,2,0,no,no,no,yes,yes,yes,4,4,2,5,5,4,0,16,16,16
UCI_0239,GP,F,16,U,GT3,T,2,1,other,other,home,mother,1,1,0,no,no,no,no,yes,yes,yes,yes,4,5,2,1,1,5,20,13,12,12,mother,1,1,0,no,no,no,no,yes,yes,4,5,2,1,1,5,4,9,10,10
UCI_0240,GP,F,17,R,GT3,T,2,1,at_home,services,course,mother,3,2,0,no,no,no,yes,yes,yes,no,no,2,1,1,1,1,3,2,13,11,11,mother,3,2,0,no,no,no,yes,yes,no,2,1,1,1,1,3,2,13,13,13
UCI_0241,GP,M,18,U,GT3,T,2,2,other,services,reputation,father,1,2,1,no,no,no,no,yes,no,yes,no,5,5,4,3,5,2,0,7,7,0,father,1,2,0,no,no,no,no,no,no,5,5,4,3,5,2,16,8,7,8
UCI_0242,GP,M,17,U,LE3,T,4,3,health,other,course,mother,2,2,0,no,no,no,yes,yes,yes,yes,yes,2,5,5,1,4,5,14,12,12,12,mother,2,2,0,no,no,no,yes,yes,yes,2,5,5,1,4,5,8,15,15,15
UCI_0243,GP,M,17,R,LE3,A,4,4,teacher,other,course,mother,2,2,0,no,yes,yes,no,yes,yes,yes,no,3,3,3,2,3,4,2,10,11,12,mother,2,2,0,no,yes,no,no,yes,no,3,3,3,2,3,4,0,12,12,12
UCI_0244,GP,M,16,U,LE3,T,4,3,teacher,other,course,mother,1,1,0,no,no,no,yes,no,yes,yes,no,5,4,5,1,1,3,0,6,0,0,mother,1,1,0,no,no,no,yes,yes,no,5,4,5,1,1,3,7,14,14,15
UCI_0245,GP,M,16,U,GT3,T,4,4,services,services,course,mother,1,1,0,no,no,no,yes,yes,yes,yes,no,5,3,2,1,2,5,0,13,12,12,mother,1,3,0,no,yes,no,yes,yes,no,5,3,3,1,3,5,0,15,13,13
UCI_0246,GP,M,16,U,GT3,T,4,4,services,services,course,mother,1,1,0,no,no,no,yes,yes,yes,yes,no,5,3,2,1,2,5,0,13,12,12,mother,1,1,0,no,no,yes,yes,yes,no,5,3,2,1,2,5,4,14,15,15
UCI_0247,GP,F,18,U,GT3,T,2,1,other,other,course,other,2,3,0,no,yes,yes,no,no,yes,yes,yes,4,4,4,1,1,3,0,7,0,0,other,2,3,0,no,yes,no,no,yes,yes,4,4,4,1,1,3,10,12,10,11
UCI_0248,GP,M,16,U,GT3,T,2,1,other,other,course,mother,3,1,0,no,no,no,no,yes,yes,yes,no,4,3,3,1,1,4,6,18,18,18,mother,3,1,0,no,no,no,no,yes,no,4,3,3,1,1,4,7,15,16,16
UCI_0249,GP,M,17,U,GT3,T,2,3,other,other,course,father,2,1,0,no,no,no,no,yes,yes,yes,no,5,2,2,1,1,2,4,12,12,13,father,2,1,0,no,no,no,no,yes,no,5,2,2,1,1,2,2,9,12,13
UCI_0250,GP,M,22,U,GT3,T,3,1,services,services,other,mother,1,1,3,no,no,no,no,no,no,yes,yes,5,4,5,5,5,1,16,6,8,8,mother,1,1,3,no,no,no,no,no,yes,5,4,5,5,5,1,12,7,8,5
UCI_0251,GP,M,18,R,LE3,T,3,3,other,services,course,mother,1,2,1,no,yes,no,no,yes,yes,yes,yes,4,3,3,1,3,5,8,3,5,5,mother,1,2,0,no,yes,no,no,yes,yes,4,3,3,1,3,5,8,10,9,10
UCI_0252,GP,M,16,U,GT3,T,0,2,other,other,other,mother,1,1,0,no,no,yes,no,no,yes,yes,no,4,3,2,2,4,5,0,13,15,15,mother,1,1,0,no,no,no,no,yes,no,4,3,2,2,4,5,0,11,12,11
UCI_0253,GP,M,18,U,GT3,T,3,2,services,other,course,mother,2,1,1,no,no,no,no,yes,no,yes,no,4,4,5,2,4,5,0,6,8,8,mother,2,1,0,no,no,no,no,no,no,4,4,5,2,4,5,8,7,8,7
UCI_0254,GP,M,16,U,GT3,T,3,3,at_home,other,reputation,other,3,2,0,yes,yes,no,no,no,yes,yes,no,5,3,3,1,3,2,6,7,10,10,other,3,2,1,yes,yes,no,no,yes,no,5,3,3,1,3,2,4,9,11,10
UCI_0255,GP,M,18,U,GT3,T,2,1,services,services,other,mother,1,1,1,no,no,no,no,no,no,yes,no,3,2,5,2,5,5,4,6,9,8,mother,1,1,2,no,no,no,no,no,no,3,2,5,2,5,5,4,7,8,6
UCI_0256,GP,M,16,R,GT3,T,2,1,other,other,course,mother,2,1,0,no,no,no,yes,no,yes,no,no,3,3,2,1,3,3,0,8,9,8,mother,2,1,0,no,no,no,yes,yes,no,3,3,2,1,3,3,2,14,13,12
UCI_0257,GP,M,17,R,GT3,T,2,1,other,other,course,mother,1,1,0,no,no,no,no,no,yes,yes,no,4,4,2,2,4,5,0,8,12,12,mother,1,1,0,no,no,no,no,yes,no,4,4,2,2,4,5,0,12,12,13
UCI_0258,GP,M,17,U,LE3,T,1,1,health,other,course,mother,2,1,1,no,yes,no,yes,yes,yes,yes,no,4,4,4,1,2,5,2,7,9,8,mother,2,1,1,no,yes,no,yes,yes,no,4,4,4,1,2,5,0,9,10,10
UCI_0259,GP,F,17,U,LE3,T,4,2,teacher,services,reputation,mother,1,4,0,no,yes,yes,yes,yes,yes,yes,no,4,2,3,1,1,4,6,14,12,13,mother,1,4,0,no,yes,no,yes,yes,no,4,2,3,1,1,4,2,14,15,17
UCI_0260,GP,M,19,U,LE3,A,4,3,services,at_home,reputation,mother,1,2,0,no,yes,no,no,yes,yes,yes,no,4,3,1,1,1,1,12,11,11,11,mother,1,2,0,no,yes,no,no,yes,no,4,3,1,1,1,1,4,11,13,14
UCI_0261,GP,M,18,U,GT3,T,2,1,other,other,home,mother,1,2,0,no,no,no,yes,yes,yes,yes,no,5,2,4,1,2,4,8,15,14,14,mother,1,2,0,no,no,no,yes,yes,no,5,2,4,1,2,4,2,16,16,16
UCI_0262,GP,F,17,U,LE3,T,2,2,services,services,course,father,1,4,0,no,no,yes,yes,yes,yes,yes,yes,3,4,1,1,1,2,0,10,9,0,father,1,4,0,no,no,no,yes,yes,yes,3,4,1,1,1,2,2,10,11,12
UCI_0263,GP,F,18,U,GT3,T,4,3,services,other,home,father,1,2,0,no,yes,yes,no,yes,yes,yes,yes,3,1,2,1,3,2,21,17,18,18,father,1,2,0,no,yes,no,no,yes,yes,3,1,2,1,3,2,2,15,15,15
UCI_0264,GP,M,18,U,GT3,T,4,3,teacher,other,course,mother,1,2,0,no,yes,yes,no,no,yes,yes,no,4,3,2,1,1,3,2,8,8,8,mother,1,2,0,no,yes,no,no,yes,no,4,3,2,1,1,3,2,10,10,11
UCI_0265,GP,M,18,R,GT3,T,3,2,other,other,course,mother,1,3,0,no,no,no,yes,no,yes,no,no,5,3,2,1,1,3,1,13,12,12,mother,1,3,0,no,no,no,yes,yes,no,5,3,2,1,1,3,2,10,11,12
UCI_0266,GP,F,17,U,GT3,T,3,3,other,other,home,mother,1,3,0,no,no,no,yes,no,yes,no,no,3,2,3,1,1,4,4,10,9,9,mother,1,3,0,no,no,no,yes,yes,no,3,2,3,1,1,4,2,15,12,13
UCI_0267,GP,F,18,U,GT3,T,2,2,at_home,services,home,mother,1,3,0,no,yes,yes,yes,yes,yes,yes,yes,4,3,3,1,1,3,0,9,10,0,mother,1,3,0,no,yes,no,yes,yes,yes,4,3,3,1,1,3,0,11,12,13
UCI_0268,GP,M,18,R,LE3,A,3,4,other,other,reputation,mother,2,2,0,no,yes,yes,yes,yes,yes,yes,no,4,2,5,3,4,1,13,17,17,17,mother,2,2,0,no,yes,no,yes,yes,no,4,2,5,3,4,1,6,15,16,16
UCI_0269,GP,M,17,U,GT3,T,3,1,services,other,other,mother,1,2,0,no,no,yes,yes,yes,yes,yes,yes,5,4,4,3,4,5,2,9,9,10,mother,1,2,0,no,no,no,yes,yes,yes,5,4,4,3,4,5,0,11,11,14
UCI_0270,GP,F,18,R,GT3,T,4,4,teacher,other,reputation,mother,2,2,0,no,no,yes,yes,yes,yes,yes,no,4,3,4,2,2,4,8,12,10,11,mother,2,2,0,no,no,no,yes,yes,no,4,3,4,2,2,4,8,10,11,12
UCI_0271,GP,M,18,U,GT3,T,4,2,health,other,reputation,father,1,2,0,no,yes,yes,yes,yes,yes,yes,yes,5,4,5,1,3,5,10,10,9,10,father,1,2,0,no,yes,no,yes,yes,yes,5,4,5,1,3,5,4,10,12,14
UCI_0272,GP,F,18,R,GT3,T,2,1,other,other,reputation,mother,2,2,0,no,yes,no,no,yes,no,yes,yes,4,3,5,1,2,3,0,6,0,0,mother,2,2,0,no,yes,no,no,no,yes,4,3,5,1,2,3,12,8,9,10
UCI_0273,GP,F,19,U,GT3,T,3,3,other,services,home,other,1,2,2,no,yes,yes,yes,yes,yes,yes,no,4,3,5,3,3,5,15,9,9,9,other,1,2,0,no,yes,no,yes,yes,no,4,3,5,3,3,5,16,11,12,12
UCI_0274,GP,F,18,U,GT3,T,2,3,other,services,reputation,father,1,4,0,no,yes,yes,yes,yes,yes,yes,yes,4,5,5,1,3,2,4,15,14,14,father,1,4,0,no,yes,no,yes,yes,yes,4,5,5,1,3,2,10,16,16,16
UCI_0275,GP,F,18,U,LE3,T,1,1,other,other,home,mother,2,2,0,no,yes,yes,no,no,yes,no,no,4,4,3,1,1,3,2,11,11,11,mother,2,2,0,no,yes,no,no,yes,no,4,4,3,1,1,3,2,13,13,13
UCI_0276,GP,M,17,R,GT3,T,1,2,at_home,at_home,home,mother,1,2,0,no,yes,yes,yes,no,yes,no,yes,3,5,2,2,2,1,2,15,14,14,mother,1,2,0,no,yes,no,yes,yes,yes,3,5,2,2,2,1,2,16,17,18
UCI_0277,GP,F,17,U,GT3,T,2,4,at_home,health,reputation,mother,2,2,0,no,yes,yes,no,yes,yes,yes,yes,4,3,3,1,1,1,2,10,10,10,mother,2,2,0,no,yes,no,no,yes,yes,4,3,3,1,1,1,6,15,16,16
UCI_0278,GP,F,17,U,LE3,T,2,2,services,other,course,mother,2,2,0,yes,yes,yes,no,yes,yes,yes,yes,4,4,4,2,3,5,6,12,12,12,mother,2,2,0,yes,yes,no,no,yes,yes,4,4,4,2,3,5,6,12,12,12
UCI_0279,GP,F,18,R,GT3,A,3,2,other,services,home,mother,2,2,0,no,no,no,no,no,no,yes,yes,4,1,1,1,1,5,75,10,9,9,mother,2,2,0,no,no,no,no,no,yes,4,1,1,1,1,5,15,12,9,10
UCI_0280,GP,M,18,U,GT3,T,4,4,teacher,services,home,mother,2,1,0,no,no,yes,yes,yes,yes,yes,no,3,2,4,1,4,3,22,9,9,9,mother,2,1,0,no,no,no,yes,yes,no,3,2,4,1,4,3,6,11,12,12
UCI_0281,GP,M,18,U,GT3,T,4,4,teacher,services,home,mother,2,1,0,no,no,yes,yes,yes,yes,yes,no,3,2,4,1,4,3,22,9,9,9,father,1,2,0,no,yes,no,yes,yes,no,4,3,3,2,2,2,0,12,12,13
UCI_0282,GP,F,18,U,GT3,T,4,4,health,health,reputation,father,1,2,1,yes,yes,no,yes,yes,yes,yes,yes,2,4,4,1,1,4,15,9,8,8,father,1,2,1,yes,yes,no,yes,yes,yes,2,4,4,1,1,4,2,14,12,13
UCI_0283,GP,M,18,U,LE3,T,4,3,teacher,services,course,mother,2,1,0,no,no,yes,yes,yes,yes,yes,no,4,2,3,1,2,1,8,10,11,10,mother,2,1,0,no,no,no,yes,yes,no,4,2,3,1,2,1,0,10,10,10
UCI_0284,GP,M,17,U,LE3,A,4,1,services,other,home,mother,2,1,0,no,no,yes,yes,yes,yes,yes,yes,4,5,4,2,4,5,30,8,8,8,mother,2,1,0,no,no,no,yes,yes,yes,4,5,4,2,4,5,22,11,11,10
UCI_0285,GP,M,17,U,LE3,A,3,2,teacher,services,home,mother,1,1,1,no,no,no,no,yes,yes,yes,no,4,4,4,3,4,3,19,11,9,10,mother,1,1,0,no,no,no,no,yes,no,4,4,4,3,4,3,18,13,13,13
UCI_0286,GP,F,18,R,LE3,T,1,1,at_home,other,reputation,mother,2,4,0,no,yes,yes,yes,yes,yes,no,no,5,2,2,1,1,3,1,12,12,12,mother,2,4,0,no,yes,no,yes,yes,no,5,2,2,1,1,3,2,17,17,18
UCI_0287,GP,F,18,U,GT3,T,1,1,other,other,home,mother,2,2,0,yes,no,no,yes,yes,yes,yes,no,5,4,4,1,1,4,4,8,9,10,mother,2,2,0,yes,no,no,yes,yes,no,5,4,4,1,1,4,0,12,13,13
UCI_0288,GP,F,18,U,GT3,T,1,1,other,other,home,mother,2,2,0,yes,no,no,yes,yes,yes,yes,no,5,4,4,1,1,4,4,8,9,10,mother,2,3,0,no,no,no,yes,yes,no,4,5,5,1,2,2,0,14,14,14
UCI_0289,GP,F,17,U,GT3,T,2,2,other,other,course,mother,1,2,0,no,yes,no,no,no,yes,yes,no,5,4,5,1,2,5,4,10,9,11,mother,1,2,0,no,yes,no,no,yes,no,5,4,5,1,2,5,12,12,12,14
UCI_0290,GP,M,17,U,GT3,T,1,1,other,other,reputation,father,1,2,0,no,no,yes,no,no,yes,yes,no,4,3,3,1,2,4,2,12,10,11,father,1,2,0,no,no,no,no,yes,no,4,3,3,1,2,4,0,12,12,12
UCI_0291,GP,F,18,U,GT3,T,2,2,at_home,at_home,other,mother,1,3,0,no,yes,yes,no,yes,yes,yes,no,4,3,3,1,2,2,5,18,18,19,mother,1,3,0,no,yes,no,no,yes,no,4,3,3,1,2,2,0,18,18,18
UCI_0292,GP,F,17,U,GT3,T,1,1,services,teacher,reputation,mother,1,3,0,no,yes,yes,no,yes,yes,yes,no,4,3,3,1,1,3,6,13,12,12,mother,1,3,0,no,yes,no,no,yes,no,4,3,3,1,1,3,0,13,13,14
UCI_0293,GP,M,18,U,GT3,T,2,1,services,services,reputation,mother,1,3,0,no,no,yes,yes,yes,yes,yes,no,4,2,4,1,3,2,6,15,14,14,mother,1,3,0,no,no,no,yes,yes,no,4,2,4,1,3,2,0,14,15,15
UCI_0294,GP,M,18,U,LE3,A,4,4,teacher,teacher,reputation,mother,1,2,0,no,yes,yes,yes,yes,yes,yes,no,5,4,3,1,1,2,9,15,13,15,mother,1,2,0,no,yes,no,yes,yes,no,5,4,3,1,1,2,0,17,17,17
UCI_0295,GP,M,18,U,GT3,T,4,2,teacher,other,home,mother,1,2,0,no,yes,yes,yes,yes,yes,yes,yes,4,3,2,1,4,5,11,12,11,11,mother,1,2,0,no,yes,no,yes,yes,yes,4,3,2,1,4,5,2,15,16,16
UCI_0296,GP,F,17,U,GT3,T,4,3,health,services,reputation,mother,1,3,0,no,yes,yes,no,yes,yes,yes,no,4,2,2,1,2,3,0,15,15,15,mother,1,3,0,no,yes,no,no,yes,no,4,2,2,1,2,3,0,17,18,18
UCI_0297,GP,F,17,R,LE3,T,3,1,services,other,reputation,mother,2,4,0,no,yes,yes,no,yes,yes,no,no,3,1,2,1,1,3,6,18,18,18,mother,2,4,0,no,yes,no,no,yes,no,3,1,2,1,1,3,0,18,19,19
UCI_0298,GP,M,18,R,LE3,T,3,2,services,other,reputation,mother,2,3,0,no,yes,yes,yes,yes,yes,yes,no,5,4,2,1,1,4,8,14,13,14,mother,2,3,0,no,yes,no,yes,yes,no,5,4,2,1,1,4,0,14,15,15
UCI_0299,GP,M,17,U,GT3,T,3,3,health,other,home,mother,1,1,0,no,yes,yes,no,yes,yes,yes,no,4,4,3,1,3,5,4,14,12,11,mother,1,1,0,no,yes,no,no,yes,no,4,4,3,1,3,5,0,14,15,15
UCI_0300,GP,F,19,U,GT3,T,4,4,health,other,reputation,other,2,2,0,no,yes,yes,yes,yes,yes,yes,no,2,3,4,2,3,2,0,10,9,0,other,2,2,0,no,yes,no,yes,yes,no,2,3,4,2,3,2,2,14,13,13
UCI_0301,GP,F,18,U,LE3,T,4,3,other,other,home,other,2,2,0,no,yes,yes,no,yes,yes,yes,yes,4,4,5,1,2,2,10,10,8,8,other,2,2,0,no,yes,no,no,yes,yes,4,4,5,1,2,2,0,13,14,14
UCI_0302,GP,F,18,U,GT3,T,4,3,other,other,reputation,father,1,4,0,no,yes,yes,no,yes,yes,yes,no,4,3,3,1,1,3,0,14,13,14,father,1,4,0,no,yes,no,no,yes,no,4,3,3,1,1,3,0,16,17,17
UCI_0303,GP,M,18,U,LE3,T,4,4,teacher,teacher,home,mother,1,1,0,no,yes,yes,no,yes,yes,yes,yes,1,4,2,2,2,1,5,16,15,16,mother,1,1,0,no,yes,no,no,yes,yes,1,4,2,2,2,1,0,18,18,17
UCI_0304,GP,F,18,U,LE3,A,4,4,health,other,home,mother,1,2,0,no,yes,no,no,yes,yes,yes,yes,4,2,4,1,1,4,14,12,10,11,mother,1,2,0,no,yes,yes,no,yes,yes,4,2,4,1,1,4,0,14,15,15
UCI_0305,GP,M,17,U,LE3,T,4,4,other,teacher,home,father,2,1,0,no,no,yes,no,yes,yes,yes,no,4,1,1,2,2,5,0,11,11,10,father,2,1,0,no,no,no,no,yes,no,4,1,1,2,2,5,0,12,13,13
UCI_0306,GP,F,17,U,GT3,T,4,2,other,other,reputation,mother,2,3,0,no,yes,yes,no,yes,yes,yes,no,4,3,3,1,1,3,0,15,12,14,mother,2,3,0,no,yes,no,no,yes,no,4,3,3,1,1,3,0,16,16,16
UCI_0307,GP,F,17,U,GT3,T,3,2,health,health,reputation,father,1,4,0,no,yes,yes,yes,no,yes,yes,no,5,2,2,1,2,5,0,17,17,18,father,1,4,0,no,yes,no,yes,yes,no,5,2,2,1,2,5,0,18,18,18
UCI_0308,GP,M,20,U,GT3,A,3,2,services,other,course,other,1,1,0,no,no,no,yes,yes,yes,no,no,5,5,3,1,1,5,0,17,18,18,other,1,1,2,no,no,no,yes,yes,no,5,5,3,1,1,5,0,14,15,15
UCI_0309,GP,M,19,R,GT3,T,3,3,other,services,reputation,father,1,2,1,no,no,no,yes,yes,yes,no,yes,4,5,3,1,2,5,0,15,12,12,father,1,2,0,no,no,no,yes,yes,yes,4,5,3,1,2,5,0,10,10,11
UCI_0310,GP,F,18,U,GT3,T,2,1,services,other,course,mother,2,2,0,no,yes,yes,yes,yes,yes,yes,no,5,3,3,1,2,1,0,8,8,0,mother,2,2,0,no,yes,no,yes,yes,no,5,3,3,1,2,1,2,12,12,15
UCI_0311,GP,F,18,U,GT3,T,4,3,other,other,course,mother,1,3,0,no,yes,yes,yes,yes,yes,yes,yes,4,3,4,1,1,5,9,9,10,9,mother,1,3,0,no,yes,no,yes,yes,yes,4,3,4,1,1,5,2,14,15,17
UCI_0312,GP,F,17,R,GT3,T,3,4,at_home,services,course,father,1,3,0,no,yes,yes,yes,no,yes,yes,no,4,3,4,2,5,5,0,11,11,10,father,1,3,0,no,yes,no,yes,yes,no,4,3,4,2,5,5,2,15,15,17
UCI_0313,GP,F,18,U,GT3,T,4,4,teacher,other,course,mother,1,2,0,no,yes,yes,no,yes,yes,yes,no,4,4,4,3,3,5,2,11,11,11,mother,1,2,0,no,yes,no,no,yes,no,4,4,4,3,3,5,0,12,11,13
UCI_0314,GP,F,17,U,GT3,A,4,3,services,services,course,mother,1,2,0,no,yes,yes,no,yes,yes,yes,yes,5,2,2,1,2,5,23,13,13,13,mother,1,2,0,no,yes,no,no,yes,yes,5,2,2,1,2,5,14,15,14,17
UCI_0315,GP,F,17,U,GT3,T,2,2,other,other,course,mother,1,2,0,no,yes,no,no,yes,yes,no,yes,4,2,2,1,1,3,12,11,9,9,mother,1,2,0,no,yes,no,no,yes,yes,4,2,2,1,1,3,4,14,13,13
UCI_0316,GP,F,17,R,LE3,T,2,2,services,services,course,mother,1,3,0,no,yes,yes,yes,yes,yes,yes,no,3,3,2,2,2,3,3,11,11,11,mother,1,3,0,no,yes,no,yes,yes,no,3,3,2,2,2,3,0,11,11,10
UCI_0317,GP,F,17,U,GT3,T,3,1,services,services,course,father,1,3,0,no,yes,no,no,no,yes,yes,no,3,4,3,2,3,5,1,12,14,15,father,1,3,0,no,yes,no,no,yes,no,3,4,3,2,3,5,0,17,18,17
UCI_0318,GP,F,17,U,LE3,T,0,2,at_home,at_home,home,father,2,3,0,no,no,no,no,yes,yes,yes,no,3,3,3,2,3,2,0,16,15,15,father,2,3,0,no,no,no,no,yes,no,3,3,3,2,3,2,0,14,14,15
UCI_0319,GP,M,18,U,GT3,T,4,4,other,other,course,mother,1,3,0,no,no,no,yes,yes,yes,yes,no,4,3,3,2,2,3,3,9,12,11,mother,1,3,0,no,no,no,yes,yes,no,4,3,3,2,2,3,0,13,14,13
UCI_0320,GP,M,17,U,GT3,T,3,3,other,services,reputation,mother,1,1,0,no,no,no,yes,no,yes,yes,no,4,3,5,3,5,5,3,14,15,16,mother,1,1,0,no,no,no,yes,yes,no,4,3,5,3,5,5,0,17,18,17
UCI_0321,GP,M,17,R,GT3,T,2,2,services,other,course,mother,4,1,0,no,yes,no,no,yes,yes,yes,no,4,4,5,5,5,4,8,11,10,10,mother,4,1,0,no,yes,no,no,yes,no,4,4,5,5,5,4,2,11,10,10
UCI_0322,GP,F,17,U,GT3,T,4,4,teacher,services,course,mother,1,3,0,no,yes,yes,yes,yes,yes,yes,no,5,4,4,1,3,4,7,10,9,9,mother,1,2,0,no,yes,yes,no,yes,yes,5,3,1,1,4,5,2,11,11,12
UCI_0323,GP,F,17,U,GT3,T,4,4,teacher,services,course,mother,1,3,0,no,yes,yes,yes,yes,yes,yes,no,5,4,4,1,3,4,7,10,9,9,mother,1,3,0,no,yes,no,yes,yes,no,5,4,4,1,3,4,0,13,12,13
UCI_0324,GP,F,17,U,GT3,T,4,4,teacher,teacher,course,mother,2,3,0,no,yes,yes,no,no,yes,yes,yes,4,3,3,1,2,4,4,14,14,14,mother,2,3,0,no,yes,no,no,yes,yes,4,3,3,1,2,4,4,15,14,15
UCI_0325,GP,M,18,U,LE3,T,2,2,other,other,course,mother,1,4,0,no,yes,no,yes,yes,yes,yes,no,4,5,5,2,4,5,2,9,8,8,mother,1,4,0,no,yes,yes,yes,yes,no,4,5,5,2,4,5,0,11,11,12
UCI_0326,GP,F,17,R,GT3,T,2,4,at_home,other,course,father,1,3,0,no,yes,no,no,yes,yes,yes,yes,4,4,3,1,1,5,7,12,14,14,father,1,3,0,no,yes,no,no,yes,yes,4,4,3,1,1,5,0,15,15,15
UCI_0327,GP,F,18,U,GT3,T,3,3,services,services,home,mother,1,2,0,no,no,no,yes,yes,yes,yes,no,5,3,4,1,1,4,0,7,0,0,mother,1,2,0,no,no,no,yes,yes,no,5,3,4,1,1,4,8,10,11,12
UCI_0328,GP,F,18,U,LE3,T,2,2,other,other,home,other,1,2,0,no,no,no,yes,no,yes,yes,yes,4,3,3,1,1,2,0,8,8,0,other,1,2,0,no,no,no,yes,yes,yes,4,3,3,1,1,2,0,10,9,12
UCI_0329,GP,F,18,R,GT3,T,2,2,at_home,other,course,mother,2,4,0,no,no,no,yes,yes,yes,no,no,4,4,4,1,1,4,0,10,9,0,mother,2,4,0,no,no,no,yes,yes,no,4,4,4,1,1,4,6,14,13,14
UCI_0330,GP,F,17,U,GT3,T,3,4,services,other,course,mother,1,3,0,no,no,no,no,yes,yes,yes,no,4,4,5,1,3,5,16,16,15,15,mother,1,3,0,no,no,no,no,yes,no,4,4,5,1,3,5,8,11,13,14
UCI_0331,GP,F,17,U,GT3,T,3,2,other,other,home,mother,1,2,0,no,yes,yes,no,yes,yes,yes,yes,4,3,2,2,3,2,0,7,8,0,mother,1,2,0,no,yes,no,no,yes,yes,4,3,2,2,3,2,0,12,13,15
UCI_0332,GP,F,18,U,LE3,T,3,3,services,services,home,mother,1,4,0,no,yes,no,no,yes,yes,yes,no,5,3,3,1,1,1,7,16,15,17,mother,1,4,0,no,yes,no,no,yes,no,5,3,3,1,1,1,4,14,14,15
UCI_0333,GP,F,17,R,GT3,A,3,2,other,other,home,mother,1,2,0,no,yes,yes,no,yes,yes,yes,no,4,3,3,2,3,2,4,9,10,10,mother,1,2,0,no,yes,no,no,yes,no,4,3,3,2,3,2,0,14,14,16
UCI_0334,GP,M,18,U,GT3,T,4,4,teacher,services,home,father,1,2,1,no,yes,no,yes,yes,yes,yes,no,4,3,3,2,2,2,0,10,10,0,mother,2,1,0,no,no,no,yes,yes,no,3,2,4,1,4,3,6,11,12,12
UCI_0335,GP,M,18,U,GT3,T,4,4,teacher,services,home,father,1,2,1,no,yes,no,yes,yes,yes,yes,no,4,3,3,2,2,2,0,10,10,0,father,1,2,0,no,yes,no,yes,yes,no,4,3,3,2,2,2,0,12,12,13
UCI_0336,GP,M,18,U,LE3,T,3,4,services,other,home,mother,1,2,0,no,no,no,yes,yes,yes,yes,yes,4,3,3,1,3,5,11,16,15,15,mother,1,2,0,no,no,no,yes,yes,yes,4,3,3,1,3,5,6,16,16,17
UCI_0337,GP,F,17,U,GT3,A,2,2,at_home,at_home,home,father,1,2,1,no,yes,no,no,yes,yes,yes,yes,3,3,1,1,2,4,0,9,8,0,father,1,2,0,no,yes,no,no,yes,yes,3,3,1,1,2,4,18,10,12,14
UCI_0338,GP,F,18,U,GT3,T,2,3,at_home,other,course,mother,1,3,0,no,yes,no,no,yes,yes,yes,no,4,3,3,1,2,3,4,11,10,10,mother,1,3,0,no,yes,no,no,yes,no,4,3,3,1,2,3,0,11,12,14
UCI_0339,GP,F,18,U,GT3,T,3,2,other,services,other,mother,1,3,0,no,no,no,no,yes,yes,yes,yes,5,4,3,2,3,1,7,13,13,14,mother,1,3,0,no,no,no,no,yes,yes,5,4,3,2,3,1,4,14,16,17
UCI_0340,GP,M,18,R,GT3,T,4,3,teacher,services,course,mother,1,3,0,no,no,no,no,yes,yes,yes,yes,5,3,2,1,2,4,9,16,15,16,mother,1,3,0,no,no,no,no,yes,yes,5,3,2,1,2,4,4,15,14,17
UCI_0341,GP,M,18,U,GT3,T,4,3,teacher,other,course,mother,1,3,0,no,yes,yes,no,yes,yes,yes,yes,5,4,5,2,3,5,0,10,10,9,mother,1,3,0,no,yes,no,no,yes,yes,5,4,5,2,3,5,0,14,13,14
UCI_0342,GP,F,17,U,GT3,T,4,3,health,other,reputation,mother,1,3,0,no,yes,yes,yes,yes,yes,yes,yes,4,4,3,1,3,4,0,13,15,15,mother,1,3,0,no,yes,no,yes,yes,yes,4,4,3,1,3,4,0,11,12,13
UCI_0343,MS,M,18,R,GT3,T,3,2,other,other,course,mother,2,1,1,no,yes,no,no,no,yes,yes,no,2,5,5,5,5,5,10,11,13,13,mother,2,1,0,no,yes,no,no,yes,no,2,5,5,5,5,5,8,9,10,11
UCI_0344,MS,M,19,R,GT3,T,1,1,other,services,home,other,3,2,3,no,no,no,no,yes,yes,yes,no,5,4,4,3,3,2,8,8,7,8,other,3,2,1,no,no,no,no,yes,no,5,4,4,3,3,2,8,10,9,11
UCI_0345,MS,M,17,U,GT3,T,3,3,health,other,course,mother,2,2,0,no,yes,yes,no,yes,yes,yes,no,4,5,4,2,3,3,2,13,13,13,mother,2,2,1,no,yes,no,no,yes,no,4,5,4,2,3,3,4,8,9,10
UCI_0346,MS,M,18,U,LE3,T,1,3,at_home,services,course,mother,1,1,1,no,no,no,no,yes,no,yes,yes,4,3,3,2,3,3,7,8,7,8,mother,1,1,0,no,no,no,no,no,yes,4,3,3,2,3,3,0,9,10,9
UCI_0347,MS,M,19,R,GT3,T,1,1,other,other,home,other,3,1,1,no,yes,no,no,yes,yes,yes,no,4,4,4,3,3,5,4,8,8,8,other,3,1,1,no,yes,no,no,yes,no,4,4,4,3,3,5,4,8,9,10
UCI_0348,MS,M,17,R,GT3,T,4,3,services,other,home,mother,2,2,0,no,yes,yes,yes,no,yes,yes,yes,4,5,5,1,3,2,4,13,11,11,mother,2,2,1,no,yes,yes,yes,yes,yes,4,5,5,1,3,2,4,10,11,11
UCI_0349,MS,F,18,U,GT3,T,3,3,services,services,course,father,1,2,0,no,yes,no,no,yes,yes,no,yes,5,3,4,1,1,5,0,10,9,9,father,1,2,0,no,yes,no,no,yes,yes,5,3,4,1,1,5,0,10,10,10
UCI_0350,MS,F,17,R,GT3,T,4,4,teacher,services,other,father,2,2,0,no,yes,yes,yes,yes,yes,yes,no,4,3,3,1,2,5,4,12,13,13,father,2,2,0,no,yes,yes,yes,yes,no,4,3,3,1,2,5,2,12,12,12
UCI_0351,MS,F,17,U,LE3,A,3,2,services,other,reputation,mother,2,2,0,no,no,no,no,yes,yes,no,yes,1,2,3,1,2,5,2,12,12,11,mother,2,2,0,no,no,no,no,yes,yes,1,2,3,1,2,5,0,15,14,15
UCI_0352,MS,M,18,U,LE3,T,1,1,other,services,home,father,2,1,0,no,no,no,no,no,yes,yes,yes,3,3,2,1,2,3,4,10,10,10,father,2,1,0,no,no,no,no,yes,yes,3,3,2,1,2,3,2,14,13,14
UCI_0353,MS,F,18,U,LE3,T,1,1,at_home,services,course,father,2,3,0,no,no,no,no,yes,yes,yes,no,5,3,2,1,1,4,0,18,16,16,father,2,3,0,no,no,no,no,yes,no,5,3,2,1,1,4,0,19,17,18
UCI_0354,MS,F,18,U,GT3,T,3,3,services,services,other,mother,2,2,0,no,yes,no,no,yes,yes,yes,yes,4,3,2,1,3,3,0,11,11,10,mother,2,2,0,no,yes,no,no,yes,yes,4,3,2,1,3,3,6,13,12,13
UCI_0355,MS,F,17,U,LE3,T,4,4,at_home,at_home,course,mother,1,2,0,no,yes,yes,yes,yes,yes,yes,yes,2,3,4,1,1,1,0,16,15,15,mother,1,2,0,no,yes,no,yes,yes,yes,2,3,4,1,1,1,4,15,14,15
UCI_0356,MS,F,17,R,GT3,T,1,2,other,services,course,father,2,2,0,no,no,no,no,no,yes,no,no,3,2,2,1,2,3,0,12,11,12,father,2,2,0,no,no,no,no,yes,no,3,2,2,1,2,3,0,13,13,13
UCI_0357,MS,M,18,R,GT3,T,1,3,at_home,other,course,mother,2,2,0,no,yes,yes,no,yes,yes,no,no,3,3,4,2,4,3,4,10,10,10,mother,2,2,0,no,yes,yes,no,yes,no,3,3,4,2,4,3,0,8,10,9
UCI_0358,MS,M,18,U,LE3,T,4,4,teacher,services,other,mother,2,3,0,no,no,yes,no,yes,yes,yes,yes,4,2,2,2,2,5,0,13,13,13,mother,2,3,0,no,no,no,no,yes,yes,4,2,2,2,2,5,0,15,16,16
UCI_0359,MS,F,17,R,GT3,T,1,1,other,services,reputation,mother,3,1,1,no,yes,yes,no,yes,yes,yes,yes,5,2,1,1,2,1,0,7,6,0,mother,3,1,1,no,yes,no,no,yes,yes,5,2,1,1,2,1,0,8,8,9
UCI_0360,MS,F,18,U,GT3,T,2,3,at_home,services,course,father,2,1,0,no,yes,yes,no,yes,yes,yes,yes,5,2,3,1,2,4,0,11,10,10,father,2,1,0,no,yes,no,no,yes,yes,5,2,3,1,2,4,0,10,10,10
UCI_0361,MS,F,18,R,GT3,T,4,4,other,teacher,other,father,3,2,0,no,yes,yes,no,no,yes,yes,yes,3,2,2,4,2,5,10,14,12,11,father,3,2,0,no,yes,no,no,yes,yes,3,2,2,4,2,5,0,7,5,0
UCI_0362,MS,M,18,R,LE3,T,1,2,at_home,services,other,father,3,1,0,no,yes,yes,yes,yes,no,yes,yes,4,3,3,2,3,3,3,14,12,12,father,3,1,0,no,yes,no,yes,no,yes,4,3,3,2,3,3,3,9,10,10
UCI_0363,MS,F,17,U,GT3,T,2,2,other,at_home,home,mother,1,3,0,no,no,no,yes,yes,yes,no,yes,3,4,3,1,1,3,8,13,11,11,mother,1,3,0,no,no,no,yes,yes,yes,3,4,3,1,1,3,8,10,11,12
UCI_0364,MS,F,17,R,GT3,T,1,2,other,other,course,mother,1,1,0,no,no,no,yes,yes,yes,yes,no,3,5,5,1,3,1,14,6,5,5,mother,1,1,0,no,no,no,yes,yes,no,3,5,5,1,3,1,4,7,8,9
UCI_0365,MS,F,18,R,LE3,T,4,4,other,other,reputation,mother,2,3,0,no,no,no,no,yes,yes,yes,no,5,4,4,1,1,1,0,19,18,19,mother,2,3,0,no,no,no,no,yes,no,5,4,4,1,1,1,0,15,17,17
UCI_0366,MS,F,18,R,GT3,T,1,1,other,other,home,mother,4,3,0,no,no,no,no,yes,yes,yes,no,4,3,2,1,2,4,2,8,8,10,mother,4,3,0,no,no,no,no,yes,no,4,3,2,1,2,4,4,10,11,12
UCI_0367,MS,F,18,R,LE3,T,4,4,teacher,services,course,mother,1,2,0,no,no,yes,yes,yes,yes,yes,no,5,4,3,3,4,2,4,8,9,10,mother,1,2,0,no,no,no,yes,yes,no,5,4,3,3,4,2,1,13,14,14
UCI_0368,MS,F,18,U,GT3,T,3,3,other,other,home,mother,1,2,0,no,no,yes,no,yes,yes,yes,yes,4,1,3,1,2,1,0,15,15,15,mother,1,2,0,no,no,no,no,yes,yes,4,1,3,1,2,1,1,16,16,16
UCI_0369,MS,F,17,R,GT3,T,3,1,at_home,other,reputation,mother,1,2,0,no,yes,yes,yes,no,yes,yes,no,4,5,4,2,3,1,17,10,10,10,mother,1,2,0,no,yes,no,yes,yes,no,4,5,4,2,3,1,10,8,9,9
UCI_0370,MS,M,18,U,GT3,T,4,4,teacher,teacher,home,father,1,2,0,no,no,yes,yes,no,yes,yes,no,3,2,4,1,4,2,4,15,14,14,father,1,2,0,no,no,no,yes,yes,no,3,2,4,1,4,2,4,17,18,19
UCI_0371,MS,M,18,R,GT3,T,2,1,other,other,other,mother,2,1,0,no,no,no,yes,no,yes,yes,yes,4,4,3,1,3,5,5,7,6,7,mother,2,1,0,no,no,no,yes,yes,yes,4,4,3,1,3,5,0,7,7,0
UCI_0372,MS,M,17,U,GT3,T,2,3,other,services,home,father,2,2,0,no,no,no,yes,yes,yes,yes,no,4,4,3,1,1,3,2,11,11,10,father,2,2,0,no,no,no,yes,yes,no,4,4,3,1,1,3,4,14,15,16
UCI_0373,MS,M,19,R,GT3,T,1,1,other,services,other,mother,2,1,1,no,no,no,no,yes,yes,no,no,4,3,2,1,3,5,0,6,5,0,mother,2,1,1,no,no,no,no,yes,no,4,3,2,1,3,5,0,5,8,0
UCI_0374,MS,M,18,R,GT3,T,4,2,other,other,home,father,2,1,1,no,no,yes,no,yes,yes,no,no,5,4,3,4,3,3,14,6,5,5,father,2,1,1,no,no,yes,no,yes,no,5,4,3,4,3,3,0,7,7,0
UCI_0375,MS,F,18,R,GT3,T,2,2,at_home,other,other,mother,2,3,0,no,no,yes,no,yes,yes,no,no,5,3,3,1,3,4,2,10,9,10,mother,2,3,0,no,no,no,no,yes,no,5,3,3,1,3,4,0,14,17,15
UCI_0376,MS,F,18,R,GT3,T,4,4,teacher,at_home,reputation,mother,3,1,0,no,yes,yes,yes,yes,yes,yes,yes,4,4,3,2,2,5,7,6,5,6,mother,3,1,0,no,yes,no,yes,yes,yes,4,4,3,2,2,5,4,7,9,10
UCI_0377,MS,F,19,R,GT3,T,2,3,services,other,course,mother,1,3,1,no,no,no,yes,no,yes,yes,no,5,4,2,1,2,5,0,7,5,0,mother,1,3,1,no,no,no,yes,yes,no,5,4,2,1,2,5,4,10,11,10
UCI_0378,MS,F,18,U,LE3,T,3,1,teacher,services,course,mother,1,2,0,no,yes,yes,no,yes,yes,yes,no,4,3,4,1,1,1,0,7,9,8,mother,1,2,0,no,yes,no,no,yes,no,4,3,4,1,1,1,4,15,15,16
UCI_0379,MS,F,18,U,GT3,T,1,1,other,other,course,mother,2,2,1,no,no,no,yes,yes,yes,no,no,1,1,1,1,1,5,0,6,5,0,mother,3,2,2,no,no,no,yes,yes,yes,3,4,4,2,2,5,3,7,8,7
UCI_0380,MS,F,18,U,GT3,T,1,1,other,other,course,mother,2,2,1,no,no,no,yes,yes,yes,no,no,1,1,1,1,1,5,0,6,5,0,mother,2,2,0,no,no,no,yes,yes,no,1,1,1,1,1,5,6,11,12,9
UCI_0381,MS,M,17,U,LE3,T,3,1,services,services,course,mother,2,1,0,no,no,no,no,no,yes,yes,no,2,4,5,3,4,2,3,14,16,16,mother,2,1,0,no,no,no,no,yes,no,2,4,5,3,4,2,6,10,10,10
UCI_0382,MS,M,18,R,LE3,T,3,2,services,other,course,mother,3,1,0,no,no,no,no,no,yes,yes,no,4,4,1,3,4,5,0,11,12,10,mother,3,1,0,no,no,no,no,yes,no,4,4,1,3,4,5,4,10,11,11
