master_student_id,src_risk_training_id,year_class,program_stream,age,gender
MSTU00001,STU0001,Second Year (SY),BCA,20,Female
MSTU00002,STU0002,Second Year (SY),BCA,20,Male
MSTU00003,STU0003,Second Year (SY),BCA,19,Male
MSTU00004,STU0004,Second Year (SY),BCA,19,Female
MSTU00005,STU0005,Second Year (SY),BCA,20,Female
MSTU00006,STU0006,Second Year (SY),BCA,19,Female
MSTU00007,STU0007,Second Year (SY),BCA,20,Male
MSTU00008,STU0008,Second Year (SY),BCA,19,Male
MSTU00009,STU0009,Second Year (SY),BCA,19,Male
MSTU00010,STU0010,Second Year (SY),BCA,20,Male
MSTU00011,STU0011,Second Year (SY),BCA,20,Male
MSTU00012,STU0012,Second Year (SY),BCA,19,Male
MSTU00013,STU0013,Second Year (SY),BCA,20,Female
MSTU00014,STU0014,Second Year (SY),BCA,19,Male
MSTU00015,STU0015,Second Year (SY),BCA,20,Male
MSTU00016,STU0016,First Year (FY),BCA,17,Female
MSTU00017,STU0017,Second Year (SY),BCA,20,Male
MSTU00018,STU0018,Second Year (SY),BCA,19,Male
MSTU00019,STU0019,Second Year (SY),BCA,19,Male
MSTU00020,STU0020,Third Year (TY),BCA,21,Female
MSTU00021,STU0021,Final Year,BCom,23,Female
MSTU00022,STU0022,Third Year (TY),BSc Cyber Security,20,Male
MSTU00023,STU0023,First Year (FY),BCA,18,Female
MSTU00024,STU0024,Third Year (TY),BSc IT,20,Male
MSTU00025,STU0025,Second Year (SY),BCA,19,Male
MSTU00026,STU0026,Third Year (TY),BCA,20,Male
MSTU00027,STU0027,Second Year (SY),BA,19,Female
MSTU00028,STU0028,First Year (PG),BCA,25,Male
MSTU00029,STU0029,First Year (FY),BSc Computer Science,18,Female
MSTU00030,STU0030,First Year (FY),BCA,18,Male
MSTU00031,STU0031,Second Year (SY),BCA,19,Male
MSTU00032,STU0032,Third Year (TY),BSc IT,20,Male
MSTU00033,STU0033,First Year (FY),BCA,18,Female
MSTU00034,STU0034,Second Year (SY),BCA,21,Female
MSTU00035,STU0035,Third Year (TY),BCA,22,Male
MSTU00036,STU0036,Second Year (SY),BCA,21,Male
MSTU00037,STU0037,Third Year (TY),BCom,20,Male
MSTU00038,STU0038,Third Year (TY),BCom,20,Female
MSTU00039,STU0039,First Year (FY),BCA,18,Male
MSTU00040,STU0040,Second Year (SY),BCA,20,Female
MSTU00041,STU0041,First Year (FY),BCA,19,Male
MSTU00042,STU0042,Second Year (SY),BSc IT,21,Female
MSTU00043,STU0043,First Year (PG),BSc Cyber Security,25,Male
MSTU00044,STU0044,Second Year (SY),BCA,19,Male
MSTU00045,STU0045,Second Year (SY),BSc Cyber Security,19,Female
MSTU00046,STU0046,Second Year (SY),BA,20,Other
MSTU00047,STU0047,Second Year (PG),BCA,25,Female
MSTU00048,STU0048,First Year (FY),BBA,18,Male
MSTU00049,STU0049,First Year (PG),BBA,23,Female
MSTU00050,STU0050,Third Year (TY),BSc Computer Science,20,Female
MSTU00051,STU0051,Third Year (TY),BCA,22,Male
MSTU00052,STU0052,Second Year (SY),BBA,21,Male
MSTU00053,STU0053,First Year (FY),BCA,17,Female
MSTU00054,STU0054,Third Year (TY),BCA,20,Male
MSTU00055,STU0055,First Year (FY),BCA,18,Male
MSTU00056,STU0056,Third Year (TY),BCA,21,Female
MSTU00057,STU0057,Third Year (TY),BCA,20,Female
MSTU00058,STU0058,First Year (FY),BCA,17,Female
MSTU00059,STU0059,Second Year (SY),BSc Computer Science,20,Female
MSTU00060,STU0060,First Year (FY),BCA,17,Male
MSTU00061,STU0061,Third Year (TY),BCom,22,Male
MSTU00062,STU0062,Third Year (TY),BBA,22,Female
MSTU00063,STU0063,Third Year (TY),BCA,22,Other
MSTU00064,STU0064,Third Year (TY),BBA,21,Female
MSTU00065,STU0065,Final Year,BSc IT,21,Male
MSTU00066,STU0066,Second Year (PG),BSc Computer Science,25,Female
MSTU00067,STU0067,First Year (FY),BBA,17,Male
MSTU00068,STU0068,Second Year (SY),BSc IT,21,Male
MSTU00069,STU0069,First Year (FY),BA,18,Male
MSTU00070,STU0070,First Year (FY),BCA,18,Female
MSTU00071,STU0071,First Year (FY),BCA,17,Female
MSTU00072,STU0072,Third Year (TY),BSc Computer Science,22,Female
MSTU00073,STU0073,Second Year (PG),BCA,23,Male
MSTU00074,STU0074,Third Year (TY),BCA,21,Male
MSTU00075,STU0075,First Year (PG),BCom,23,Male
MSTU00076,STU0076,First Year (FY),BA,17,Male
MSTU00077,STU0077,First Year (PG),BSc IT,24,Male
MSTU00078,STU0078,Second Year (SY),BBA,19,Female
MSTU00079,STU0079,First Year (FY),BCA,18,Male
MSTU00080,STU0080,Second Year (SY),BCA,19,Female
MSTU00081,STU0081,Second Year (SY),BSc Computer Science,21,Female
MSTU00082,STU0082,First Year (PG),BSc IT,24,Female
MSTU00083,STU0083,Third Year (TY),BBA,22,Female
MSTU00084,STU0084,Third Year (TY),BSc IT,22,Male
MSTU00085,STU0085,First Year (FY),BCA,17,Male
MSTU00086,STU0086,First Year (FY),BCA,17,Male
MSTU00087,STU0087,Third Year (TY),BCA,20,Male
MSTU00088,STU0088,Second Year (SY),BBA,19,Male
MSTU00089,STU0089,Third Year (TY),BCA,22,Female
MSTU00090,STU0090,Final Year,BCA,21,Female
MSTU00091,STU0091,First Year (PG),BCA,24,Female
MSTU00092,STU0092,Final Year,BSc Computer Science,23,Female
MSTU00093,STU0093,Second Year (SY),BCA,19,Male
MSTU00094,STU0094,Third Year (TY),BCA,20,Male
MSTU00095,STU0095,Second Year (PG),BSc IT,26,Male
MSTU00096,STU0096,Second Year (SY),BSc IT,21,Male
MSTU00097,STU0097,Final Year,BSc Cyber Security,23,Male
MSTU00098,STU0098,Third Year (TY),BBA,22,Male
MSTU00099,STU0099,First Year (FY),BCA,18,Female
MSTU00100,STU0100,Second Year (PG),BCA,23,Other
MSTU00101,STU0101,Second Year (PG),BCA,23,Female
MSTU00102,STU0102,Second Year (SY),BCom,20,Female
MSTU00103,STU0103,First Year (FY),BCA,18,Male
MSTU00104,STU0104,First Year (FY),BSc Cyber Security,18,Male
MSTU00105,STU0105,Second Year (PG),BCA,26,Male
MSTU00106,STU0106,Final Year,BCA,21,Female
MSTU00107,STU0107,Second Year (SY),BCA,20,Male
MSTU00108,STU0108,Second Year (PG),BCA,26,Female
MSTU00109,STU0109,First Year (FY),BSc IT,18,Female
MSTU00110,STU0110,Third Year (TY),BCA,21,Female
MSTU00111,STU0111,Second Year (PG),BCA,23,Female
MSTU00112,STU0112,Second Year (SY),BCA,19,Male
MSTU00113,STU0113,Second Year (SY),BCA,19,Male
MSTU00114,STU0114,First Year (FY),BCA,17,Male
MSTU00115,STU0115,Second Year (SY),BSc Cyber Security,20,Male
MSTU00116,STU0116,Final Year,BCA,22,Male
MSTU00117,STU0117,Second Year (PG),BSc Computer Science,23,Male
MSTU00118,STU0118,First Year (PG),BCA,25,Male
MSTU00119,STU0119,Third Year (TY),BBA,22,Female
MSTU00120,STU0120,Third Year (TY),BCA,20,Female
MSTU00121,STU0121,First Year (PG),BCom,23,Male
MSTU00122,STU0122,Second Year (SY),BCA,21,Female
MSTU00123,STU0123,First Year (FY),BCA,17,Male
MSTU00124,STU0124,Third Year (TY),BCA,22,Male
MSTU00125,STU0125,Final Year,BSc Computer Science,21,Female
MSTU00126,STU0126,Third Year (TY),BCA,21,Male
MSTU00127,STU0127,Second Year (SY),BCA,19,Female
MSTU00128,STU0128,First Year (FY),BCA,17,Male
MSTU00129,STU0129,First Year (FY),BSc IT,18,Male
MSTU00130,STU0130,Final Year,BCA,23,Female
MSTU00131,STU0131,Second Year (SY),BCA,19,Female
MSTU00132,STU0132,First Year (PG),BSc Cyber Security,25,Female
MSTU00133,STU0133,Third Year (TY),BCA,22,Female
MSTU00134,STU0134,First Year (FY),BSc Computer Science,17,Female
MSTU00135,STU0135,First Year (FY),BCA,19,Male
MSTU00136,STU0136,Second Year (SY),BSc IT,19,Male
MSTU00137,STU0137,Third Year (TY),BSc Cyber Security,20,Male
MSTU00138,STU0138,First Year (FY),BCom,19,Other
MSTU00139,STU0139,Final Year,BCA,23,Male
MSTU00140,STU0140,First Year (PG),BSc Cyber Security,22,Female
MSTU00141,STU0141,Third Year (TY),BCom,21,Female
MSTU00142,STU0142,Final Year,BSc IT,23,Female
MSTU00143,STU0143,First Year (PG),BSc Cyber Security,22,Male
MSTU00144,STU0144,Third Year (TY),BBA,20,Male
MSTU00145,STU0145,Second Year (SY),BSc Cyber Security,19,Male
MSTU00146,STU0146,Second Year (PG),BSc Computer Science,26,Male
MSTU00147,STU0147,Third Year (TY),BSc Computer Science,20,Male
MSTU00148,STU0148,First Year (FY),BCA,18,Male
MSTU00149,STU0149,First Year (FY),BBA,17,Male
MSTU00150,STU0150,First Year (PG),BCom,22,Male
MSTU00151,STU0151,First Year (FY),BCA,19,Female
MSTU00152,STU0152,First Year (FY),BCom,19,Male
MSTU00153,STU0153,First Year (FY),BCom,19,Male
MSTU00154,STU0154,Second Year (PG),BCA,23,Male
MSTU00155,STU0155,Second Year (SY),BCom,21,Female
MSTU00156,STU0156,Final Year,BCA,22,Female
MSTU00157,STU0157,Final Year,BCA,22,Male
MSTU00158,STU0158,Second Year (PG),BCA,24,Female
MSTU00159,STU0159,Second Year (SY),BCA,19,Female
MSTU00160,STU0160,Second Year (SY),BCA,20,Male
MSTU00161,STU0161,First Year (PG),BSc Cyber Security,25,Female
MSTU00162,STU0162,First Year (FY),BBA,17,Male
MSTU00163,STU0163,First Year (PG),BCA,24,Male
MSTU00164,STU0164,First Year (PG),BCA,25,Male
MSTU00165,STU0165,First Year (PG),BCom,25,Male
MSTU00166,STU0166,Second Year (SY),BSc Computer Science,19,Female
MSTU00167,STU0167,First Year (FY),BCA,19,Male
MSTU00168,STU0168,Third Year (TY),BCA,22,Male
MSTU00169,STU0169,First Year (FY),BCA,17,Female
MSTU00170,STU0170,Final Year,BCA,23,Female
MSTU00171,STU0171,Third Year (TY),BCom,22,Female
MSTU00172,STU0172,First Year (PG),BCA,24,Female
MSTU00173,STU0173,Second Year (SY),BSc IT,21,Male
MSTU00174,STU0174,Third Year (TY),BSc Cyber Security,20,Female
MSTU00175,STU0175,Second Year (PG),BCA,23,Other
MSTU00176,STU0176,Third Year (TY),BA,21,Female
MSTU00177,STU0177,Second Year (PG),BCA,23,Male
MSTU00178,STU0178,Second Year (SY),BSc Cyber Security,19,Male
MSTU00179,STU0179,Third Year (TY),BCA,20,Female
MSTU00180,STU0180,Second Year (PG),BCA,24,Male
MSTU00181,STU0181,Second Year (SY),BSc Computer Science,20,Female
MSTU00182,STU0182,Second Year (SY),BCA,21,Female
MSTU00183,STU0183,First Year (PG),BSc Cyber Security,22,Female
MSTU00184,STU0184,First Year (FY),BSc Computer Science,18,Other
MSTU00185,STU0185,Second Year (SY),BCA,21,Male
MSTU00186,STU0186,First Year (PG),BCA,22,Male
MSTU00187,STU0187,Second Year (PG),BCA,26,Male
MSTU00188,STU0188,First Year (FY),BSc Computer Science,18,Female
MSTU00189,STU0189,First Year (PG),BCA,22,Female
MSTU00190,STU0190,Final Year,BCA,21,Male
MSTU00191,STU0191,Second Year (SY),BBA,19,Female
MSTU00192,STU0192,Third Year (TY),BCA,20,Male
MSTU00193,STU0193,Third Year (TY),BSc Cyber Security,22,Male
MSTU00194,STU0194,Third Year (TY),BCA,21,Female
MSTU00195,STU0195,Second Year (SY),BCA,20,Male
MSTU00196,STU0196,Second Year (SY),BSc Cyber Security,20,Female
MSTU00197,STU0197,First Year (FY),BBA,19,Male
MSTU00198,STU0198,First Year (PG),BCA,22,Female
MSTU00199,STU0199,Second Year (PG),BCA,23,Male
MSTU00200,STU0200,First Year (PG),BCA,24,Male
MSTU00201,STU0201,Second Year (SY),BA,20,Female
MSTU00202,STU0202,First Year (FY),BCA,17,Female
MSTU00203,STU0203,Second Year (PG),BSc Computer Science,26,Male
MSTU00204,STU0204,First Year (PG),BSc Computer Science,25,Female
MSTU00205,STU0205,Second Year (SY),BSc Computer Science,21,Male
MSTU00206,STU0206,Second Year (SY),BCA,21,Female
MSTU00207,STU0207,Second Year (SY),BSc IT,19,Male
MSTU00208,STU0208,First Year (FY),BCA,17,Female
MSTU00209,STU0209,Third Year (TY),BCom,20,Male
MSTU00210,STU0210,Third Year (TY),BSc IT,21,Male
MSTU00211,STU0211,Third Year (TY),BCA,21,Female
MSTU00212,STU0212,Final Year,BCA,23,Male
MSTU00213,STU0213,Second Year (PG),BCA,23,Male
MSTU00214,STU0214,Second Year (SY),BSc Computer Science,20,Male
MSTU00215,STU0215,Second Year (PG),BCA,23,Male
MSTU00216,STU0216,First Year (FY),BSc Computer Science,19,Male
MSTU00217,STU0217,First Year (PG),BSc IT,24,Male
MSTU00218,STU0218,Second Year (SY),BSc Cyber Security,20,Male
MSTU00219,STU0219,Second Year (SY),BCA,19,Female
MSTU00220,STU0220,Second Year (SY),BSc Cyber Security,19,Female
MSTU00221,STU0221,Second Year (PG),BCA,25,Male
MSTU00222,STU0222,Second Year (SY),BA,21,Male
MSTU00223,STU0223,Second Year (PG),BCA,26,Male
MSTU00224,STU0224,First Year (PG),BSc Cyber Security,25,Male
MSTU00225,STU0225,Third Year (TY),BSc Computer Science,20,Male
MSTU00226,STU0226,Second Year (SY),BBA,20,Female
MSTU00227,STU0227,Second Year (PG),BCA,25,Female
MSTU00228,STU0228,Second Year (PG),BCA,24,Male
MSTU00229,STU0229,Second Year (PG),BCA,25,Female
MSTU00230,STU0230,First Year (FY),BCA,17,Male
MSTU00231,STU0231,First Year (FY),BCA,17,Male
MSTU00232,STU0232,Third Year (TY),BSc IT,22,Male
MSTU00233,STU0233,Third Year (TY),BCA,20,Female
MSTU00234,STU0234,Second Year (PG),BCom,25,Male
MSTU00235,STU0235,Final Year,BCA,21,Male
MSTU00236,STU0236,First Year (FY),BCA,17,Male
MSTU00237,STU0237,First Year (FY),BCA,19,Male
MSTU00238,STU0238,Second Year (PG),BCA,26,Female
MSTU00239,STU0239,Third Year (TY),BCA,22,Female
MSTU00240,STU0240,Second Year (SY),BCA,19,Male
MSTU00241,STU0241,Third Year (TY),BCA,20,Male
MSTU00242,STU0242,First Year (PG),BCA,24,Male
MSTU00243,STU0243,Third Year (TY),BSc IT,22,Male
MSTU00244,STU0244,Second Year (SY),BCA,20,Male
MSTU00245,STU0245,Third Year (TY),BCA,22,Male
MSTU00246,STU0246,Third Year (TY),BCA,21,Female
MSTU00247,STU0247,Final Year,BSc IT,22,Female
MSTU00248,STU0248,Second Year (SY),BCA,20,Female
MSTU00249,STU0249,Third Year (TY),BA,20,Male
MSTU00250,STU0250,Second Year (SY),BCA,19,Female
MSTU00251,STU0251,Second Year (SY),BA,21,Male
MSTU00252,STU0252,Third Year (TY),BCA,21,Male
MSTU00253,STU0253,Final Year,BCA,22,Male
MSTU00254,STU0254,First Year (PG),BCA,25,Male
MSTU00255,STU0255,First Year (FY),BCA,19,Female
MSTU00256,STU0256,First Year (FY),BSc Computer Science,18,Male
MSTU00257,STU0257,Second Year (SY),BSc Cyber Security,21,Female
MSTU00258,STU0258,Third Year (TY),BCA,21,Female
MSTU00259,STU0259,First Year (FY),BCA,18,Female
MSTU00260,STU0260,First Year (FY),BSc Computer Science,17,Female
MSTU00261,STU0261,Final Year,BCA,21,Male
MSTU00262,STU0262,Second Year (SY),BCA,19,Female
MSTU00263,STU0263,First Year (FY),BBA,18,Male
MSTU00264,STU0264,Third Year (TY),BCA,22,Male
MSTU00265,STU0265,First Year (PG),BSc Cyber Security,22,Female
MSTU00266,STU0266,Second Year (PG),BCom,26,Male
MSTU00267,STU0267,Second Year (SY),BCA,21,Female
MSTU00268,STU0268,First Year (FY),BCA,18,Female
MSTU00269,STU0269,Third Year (TY),BCA,20,Female
MSTU00270,STU0270,Second Year (SY),BCA,19,Male
MSTU00271,STU0271,Third Year (TY),BCom,20,Male
MSTU00272,STU0272,Second Year (PG),BCA,25,Male
MSTU00273,STU0273,Final Year,BSc Computer Science,21,Male
MSTU00274,STU0274,Third Year (TY),BSc Cyber Security,22,Male
MSTU00275,STU0275,Second Year (SY),BCA,20,Male
MSTU00276,STU0276,First Year (PG),BBA,24,Male
MSTU00277,STU0277,Third Year (TY),BCA,20,Male
MSTU00278,STU0278,Final Year,BCA,23,Male
MSTU00279,STU0279,First Year (PG),BCA,23,Female
MSTU00280,STU0280,First Year (FY),BCA,19,Male
MSTU00281,STU0281,Second Year (PG),BCA,24,Female
MSTU00282,STU0282,First Year (FY),BCA,19,Male
MSTU00283,STU0283,Second Year (SY),BCom,21,Male
MSTU00284,STU0284,First Year (FY),BCA,18,Male
MSTU00285,STU0285,Third Year (TY),BBA,21,Female
MSTU00286,STU0286,Second Year (SY),BCom,21,Female
MSTU00287,STU0287,Second Year (SY),BCA,21,Male
MSTU00288,STU0288,Third Year (TY),BCA,20,Male
MSTU00289,STU0289,First Year (FY),BCA,18,Other
MSTU00290,STU0290,Third Year (TY),BCA,21,Female
MSTU00291,STU0291,First Year (FY),BSc Cyber Security,19,Male
MSTU00292,STU0292,Third Year (TY),BCA,21,Male
MSTU00293,STU0293,First Year (FY),BCA,18,Male
MSTU00294,STU0294,First Year (FY),BCA,17,Female
MSTU00295,STU0295,Second Year (SY),BSc Computer Science,20,Male
MSTU00296,STU0296,Third Year (TY),BSc Computer Science,20,Male
MSTU00297,STU0297,Final Year,BCA,23,Male
MSTU00298,STU0298,Second Year (PG),BCA,23,Male
MSTU00299,STU0299,Final Year,BCA,23,Male
MSTU00300,STU0300,Second Year (SY),BCA,21,Male
MSTU00301,STU0301,Final Year,BCA,22,Male
MSTU00302,STU0302,Second Year (SY),BCA,20,Female
MSTU00303,STU0303,Third Year (TY),BA,21,Male
MSTU00304,STU0304,Second Year (SY),BSc Computer Science,21,Female
MSTU00305,STU0305,Second Year (SY),BSc Cyber Security,20,Male
MSTU00306,STU0306,Final Year,BCA,23,Male
MSTU00307,STU0307,Second Year (SY),BCA,19,Female
MSTU00308,STU0308,Second Year (SY),BSc IT,19,Female
MSTU00309,STU0309,Final Year,BCA,23,Female
MSTU00310,STU0310,Final Year,BSc IT,22,Female
MSTU00311,STU0311,Third Year (TY),BSc IT,20,Other
MSTU00312,STU0312,Second Year (PG),BSc Cyber Security,24,Male
MSTU00313,STU0313,First Year (FY),BBA,19,Male
MSTU00314,STU0314,First Year (FY),BCA,18,Male
MSTU00315,STU0315,First Year (PG),BCA,25,Male
MSTU00316,STU0316,First Year (FY),BCA,18,Male
MSTU00317,STU0317,Second Year (SY),BCA,21,Female
MSTU00318,STU0318,Second Year (PG),BCA,25,Male
MSTU00319,STU0319,First Year (FY),BBA,17,Female
MSTU00320,STU0320,Second Year (SY),BCA,21,Female
MSTU00321,STU0321,Third Year (TY),BSc IT,21,Male
MSTU00322,STU0322,Third Year (TY),BBA,22,Male
MSTU00323,STU0323,Second Year (SY),BCA,20,Female
MSTU00324,STU0324,Second Year (PG),BSc IT,24,Female
MSTU00325,STU0325,First Year (FY),BCA,18,Male
MSTU00326,STU0326,Third Year (TY),BSc Computer Science,21,Female
MSTU00327,STU0327,Second Year (SY),BBA,21,Female
MSTU00328,STU0328,Second Year (SY),BCA,21,Female
MSTU00329,STU0329,First Year (PG),BCom,22,Female
MSTU00330,STU0330,Third Year (TY),BCA,21,Female
MSTU00331,STU0331,Second Year (SY),BCom,19,Male
MSTU00332,STU0332,Third Year (TY),BCA,20,Male
MSTU00333,STU0333,Second Year (SY),BCA,20,Female
MSTU00334,STU0334,Final Year,BCA,22,Male
MSTU00335,STU0335,Second Year (SY),BBA,21,Male
MSTU00336,STU0336,Third Year (TY),BCA,20,Male
MSTU00337,STU0337,Second Year (PG),BSc Computer Science,23,Female
MSTU00338,STU0338,Third Year (TY),BCA,21,Male
MSTU00339,STU0339,Final Year,BCA,21,Female
MSTU00340,STU0340,First Year (PG),BSc Computer Science,25,Male
MSTU00341,STU0341,First Year (FY),BSc IT,18,Male
MSTU00342,STU0342,Second Year (SY),BSc Cyber Security,19,Male
MSTU00343,STU0343,Second Year (PG),BCA,25,Female
MSTU00344,STU0344,Third Year (TY),BSc IT,22,Male
MSTU00345,STU0345,First Year (PG),BCA,25,Female
MSTU00346,STU0346,Third Year (TY),BCA,20,Male
MSTU00347,STU0347,First Year (PG),BCom,25,Male
MSTU00348,STU0348,First Year (FY),BCom,17,Female
MSTU00349,STU0349,Final Year,BCA,23,Female
MSTU00350,STU0350,First Year (PG),BBA,25,Male
MSTU00351,STU0351,First Year (PG),BCA,24,Male
MSTU00352,STU0352,Second Year (SY),BSc IT,20,Male
MSTU00353,STU0353,Second Year (SY),BCA,21,Female
MSTU00354,STU0354,Second Year (PG),BCA,26,Female
MSTU00355,STU0355,Second Year (SY),BCA,19,Male
MSTU00356,STU0356,Final Year,BCom,23,Female
MSTU00357,STU0357,First Year (PG),BCA,25,Female
MSTU00358,STU0358,Second Year (SY),BCA,20,Female
MSTU00359,STU0359,Second Year (SY),BCA,20,Male
MSTU00360,STU0360,Third Year (TY),BCA,22,Male
MSTU00361,STU0361,Second Year (PG),BCA,23,Female
MSTU00362,STU0362,First Year (PG),BCA,24,Female
MSTU00363,STU0363,Third Year (TY),BCA,21,Male
MSTU00364,STU0364,Third Year (TY),BCA,21,Male
MSTU00365,STU0365,Third Year (TY),BBA,21,Male
MSTU00366,STU0366,Second Year (SY),BCom,20,Female
MSTU00367,STU0367,First Year (FY),BSc Cyber Security,19,Male
MSTU00368,STU0368,Second Year (SY),BCA,21,Female
MSTU00369,STU0369,First Year (FY),BCA,19,Male
MSTU00370,STU0370,Second Year (SY),BCA,20,Male
MSTU00371,STU0371,First Year (FY),BCA,19,Male
MSTU00372,STU0372,Third Year (TY),BCA,20,Male
MSTU00373,STU0373,First Year (FY),BCA,17,Male
MSTU00374,STU0374,First Year (FY),BA,18,Female
MSTU00375,STU0375,Third Year (TY),BCom,21,Male
MSTU00376,STU0376,Third Year (TY),BCA,21,Female
MSTU00377,STU0377,Second Year (PG),BSc Cyber Security,24,Male
MSTU00378,STU0378,First Year (PG),BCA,23,Male
MSTU00379,STU0379,Second Year (PG),BCA,26,Female
MSTU00380,STU0380,Second Year (SY),BSc IT,20,Male
MSTU00381,STU0381,First Year (FY),BCA,17,Male
MSTU00382,STU0382,First Year (FY),BCA,19,Female
MSTU00383,STU0383,Third Year (TY),BCA,20,Male
MSTU00384,STU0384,Third Year (TY),BCA,20,Female
MSTU00385,STU0385,Second Year (SY),BCA,19,Female
MSTU00386,STU0386,First Year (FY),BCom,19,Female
MSTU00387,STU0387,Second Year (SY),BCA,20,Female
MSTU00388,STU0388,Second Year (PG),BCA,25,Female
MSTU00389,STU0389,Third Year (TY),BCA,20,Male
MSTU00390,STU0390,Second Year (SY),BA,21,Female
MSTU00391,STU0391,First Year (FY),BCA,19,Other
MSTU00392,STU0392,Second Year (SY),BCom,19,Female
MSTU00393,STU0393,Second Year (SY),BCA,21,Female
MSTU00394,STU0394,Second Year (PG),BSc Computer Science,23,Female
MSTU00395,STU0395,Second Year (SY),BCA,20,Male
MSTU00396,STU0396,First Year (PG),BCA,22,Male
MSTU00397,STU0397,First Year (PG),BCA,25,Female
MSTU00398,STU0398,First Year (PG),BCA,22,Female
MSTU00399,STU0399,First Year (FY),BCA,18,Male
MSTU00400,STU0400,Final Year,BCA,21,Female
MSTU00401,STU0401,Second Year (SY),BCA,19,Female
MSTU00402,STU0402,Second Year (SY),BSc IT,19,Female
MSTU00403,STU0403,Third Year (TY),BCA,20,Female
MSTU00404,STU0404,Third Year (TY),BA,20,Male
MSTU00405,STU0405,Third Year (TY),BSc Computer Science,22,Female
MSTU00406,STU0406,Second Year (SY),BCA,21,Female
MSTU00407,STU0407,Third Year (TY),BSc IT,21,Male
MSTU00408,STU0408,Final Year,BSc Computer Science,23,Male
MSTU00409,STU0409,Second Year (PG),BCA,23,Female
MSTU00410,STU0410,First Year (FY),BCA,18,Female
MSTU00411,STU0411,Third Year (TY),BCA,20,Female
MSTU00412,STU0412,Second Year (SY),BCA,19,Male
MSTU00413,STU0413,Third Year (TY),BCA,21,Female
MSTU00414,STU0414,First Year (FY),BCA,18,Male
MSTU00415,STU0415,Second Year (SY),BCA,20,Male
MSTU00416,STU0416,Second Year (SY),BSc Cyber Security,20,Male
MSTU00417,STU0417,Third Year (TY),BBA,22,Male
MSTU00418,STU0418,Final Year,BCA,22,Male
MSTU00419,STU0419,First Year (FY),BCA,17,Male
MSTU00420,STU0420,Second Year (SY),BCA,21,Female
MSTU00421,STU0421,Third Year (TY),BCA,22,Male
MSTU00422,STU0422,Second Year (SY),BCA,21,Female
MSTU00423,STU0423,Second Year (SY),BSc IT,19,Female
MSTU00424,STU0424,Second Year (SY),BA,19,Male
MSTU00425,STU0425,Third Year (TY),BCA,20,Female
MSTU00426,STU0426,Second Year (SY),BSc Computer Science,20,Male
MSTU00427,STU0427,Second Year (SY),BCA,21,Male
MSTU00428,STU0428,First Year (FY),BCom,19,Other
MSTU00429,STU0429,Final Year,BCA,22,Female
MSTU00430,STU0430,First Year (FY),BSc Computer Science,19,Male
MSTU00431,STU0431,Second Year (PG),BSc Cyber Security,23,Male
MSTU00432,STU0432,Second Year (SY),BCA,20,Male
MSTU00433,STU0433,Third Year (TY),BSc IT,21,Female
MSTU00434,STU0434,Second Year (SY),BCA,21,Male
MSTU00435,STU0435,Third Year (TY),BCA,21,Male
MSTU00436,STU0436,First Year (PG),BCA,25,Female
MSTU00437,STU0437,Third Year (TY),BCA,22,Male
MSTU00438,STU0438,Second Year (SY),BSc Computer Science,19,Male
MSTU00439,STU0439,First Year (FY),BCA,18,Male
MSTU00440,STU0440,Second Year (SY),BCA,20,Male
MSTU00441,STU0441,Second Year (SY),BSc Cyber Security,19,Male
MSTU00442,STU0442,Third Year (TY),BBA,22,Male
MSTU00443,STU0443,Third Year (TY),BCA,20,Female
MSTU00444,STU0444,First Year (PG),BCom,22,Female
MSTU00445,STU0445,Second Year (SY),BSc Computer Science,21,Male
MSTU00446,STU0446,Second Year (PG),BCA,24,Male
MSTU00447,STU0447,First Year (PG),BA,25,Male
MSTU00448,STU0448,First Year (PG),BSc IT,25,Male
MSTU00449,STU0449,First Year (FY),BCA,19,Female
MSTU00450,STU0450,Second Year (SY),BCA,19,Male
MSTU00451,STU0451,First Year (PG),BSc Computer Science,25,Male
MSTU00452,STU0452,First Year (FY),BBA,19,Male
MSTU00453,STU0453,Second Year (SY),BBA,21,Male
MSTU00454,STU0454,Second Year (SY),BCA,21,Female
MSTU00455,STU0455,Second Year (PG),BCA,25,Female
MSTU00456,STU0456,First Year (FY),BSc IT,18,Female
MSTU00457,STU0457,Final Year,BCA,23,Other
MSTU00458,STU0458,Second Year (SY),BSc IT,20,Male
MSTU00459,STU0459,Second Year (SY),BCA,21,Male
MSTU00460,STU0460,First Year (FY),BSc Cyber Security,18,Male
MSTU00461,STU0461,Second Year (PG),BCom,26,Male
MSTU00462,STU0462,Second Year (PG),BCA,24,Male
MSTU00463,STU0463,First Year (PG),BCA,22,Male
MSTU00464,STU0464,Second Year (SY),BCA,20,Male
MSTU00465,STU0465,Third Year (TY),BCA,22,Female
MSTU00466,STU0466,Second Year (SY),BCA,21,Male
MSTU00467,STU0467,Second Year (SY),BCA,20,Female
MSTU00468,STU0468,Second Year (SY),BCA,21,Male
MSTU00469,STU0469,Second Year (SY),BCA,19,Other
MSTU00470,STU0470,Second Year (SY),BCom,19,Female
MSTU00471,STU0471,First Year (FY),BCA,19,Male
MSTU00472,STU0472,Second Year (SY),BSc Computer Science,21,Male
MSTU00473,STU0473,First Year (PG),BCA,23,Male
MSTU00474,STU0474,Second Year (PG),BSc IT,26,Female
MSTU00475,STU0475,Third Year (TY),BCA,22,Male
MSTU00476,STU0476,Third Year (TY),BCom,21,Male
MSTU00477,STU0477,First Year (FY),BCA,18,Female
MSTU00478,STU0478,Third Year (TY),BCA,21,Female
MSTU00479,STU0479,Second Year (PG),BSc Computer Science,24,Male
MSTU00480,STU0480,First Year (FY),BSc IT,18,Female
MSTU00481,STU0481,First Year (PG),BSc IT,24,Female
MSTU00482,STU0482,Second Year (SY),BSc IT,20,Male
MSTU00483,STU0483,Third Year (TY),BCA,22,Male
MSTU00484,STU0484,First Year (FY),BSc IT,19,Male
MSTU00485,STU0485,Second Year (SY),BCA,20,Male
MSTU00486,STU0486,Second Year (SY),BCA,19,Female
MSTU00487,STU0487,First Year (FY),BCA,19,Male
MSTU00488,STU0488,Third Year (TY),BSc Computer Science,20,Male
MSTU00489,STU0489,Second Year (SY),BCA,21,Female
MSTU00490,STU0490,First Year (PG),BA,22,Female
MSTU00491,STU0491,Second Year (SY),BCA,19,Male
MSTU00492,STU0492,Second Year (SY),BCA,20,Female
MSTU00493,STU0493,Second Year (SY),BCom,21,Other
MSTU00494,STU0494,First Year (FY),BCA,18,Female
MSTU00495,STU0495,Second Year (PG),BCom,23,Male
MSTU00496,STU0496,First Year (FY),BSc Computer Science,18,Male
MSTU00497,STU0497,First Year (FY),BCA,18,Female
MSTU00498,STU0498,First Year (FY),BCA,18,Female
MSTU00499,STU0499,First Year (PG),BCA,23,Female
MSTU00500,STU0500,First Year (FY),BBA,17,Male
MSTU00501,STU0501,Second Year (SY),BSc Cyber Security,20,Male
MSTU00502,STU0502,First Year (FY),BCA,19,Male
MSTU00503,STU0503,Third Year (TY),BCA,21,Female
MSTU00504,STU0504,Second Year (SY),BCA,19,Female
MSTU00505,STU0505,Second Year (SY),BSc Computer Science,20,Male
MSTU00506,STU0506,Final Year,BCA,21,Other
MSTU00507,STU0507,Final Year,BCA,22,Male
MSTU00508,STU0508,Third Year (TY),BSc Computer Science,21,Male
MSTU00509,STU0509,Second Year (SY),BSc Computer Science,20,Male
MSTU00510,STU0510,Second Year (PG),BSc Computer Science,23,Other
MSTU00511,STU0511,Third Year (TY),BCA,21,Male
MSTU00512,STU0512,Second Year (PG),BCA,23,Female
MSTU00513,STU0513,First Year (PG),BCA,25,Male
MSTU00514,STU0514,First Year (FY),BCA,17,Male
MSTU00515,STU0515,Second Year (SY),BCom,21,Male
MSTU00516,STU0516,Third Year (TY),BCA,22,Male
MSTU00517,STU0517,First Year (PG),BA,24,Male
MSTU00518,STU0518,Third Year (TY),BSc Computer Science,22,Female
MSTU00519,STU0519,First Year (FY),BSc Computer Science,18,Male
MSTU00520,STU0520,Third Year (TY),BCA,20,Male
MSTU00521,STU0521,Third Year (TY),BCA,21,Female
MSTU00522,STU0522,Third Year (TY),BCA,22,Male
MSTU00523,STU0523,First Year (FY),BCA,18,Female
MSTU00524,STU0524,First Year (FY),BCA,18,Male
MSTU00525,STU0525,First Year (FY),BCA,18,Male
MSTU00526,STU0526,Second Year (SY),BCA,19,Male
MSTU00527,STU0527,Final Year,BSc Computer Science,22,Male
MSTU00528,STU0528,Second Year (SY),BCA,19,Female
MSTU00529,STU0529,Third Year (TY),BSc IT,22,Female
MSTU00530,STU0530,First Year (FY),BCA,17,Male
MSTU00531,STU0531,First Year (PG),BSc Cyber Security,25,Female
MSTU00532,STU0532,First Year (FY),BCA,18,Female
MSTU00533,STU0533,Second Year (PG),BCA,26,Female
MSTU00534,STU0534,Third Year (TY),BCA,21,Male
MSTU00535,STU0535,Third Year (TY),BCA,20,Male
MSTU00536,STU0536,Final Year,BCA,21,Male
MSTU00537,STU0537,Second Year (PG),BCA,26,Male
MSTU00538,STU0538,Second Year (PG),BSc Cyber Security,23,Female
MSTU00539,STU0539,Second Year (SY),BSc Cyber Security,21,Male
MSTU00540,STU0540,First Year (FY),BCA,18,Female
MSTU00541,STU0541,Second Year (SY),BCA,19,Female
MSTU00542,STU0542,Second Year (SY),BSc IT,20,Female
MSTU00543,STU0543,Second Year (SY),BBA,21,Male
MSTU00544,STU0544,Third Year (TY),BA,21,Male
MSTU00545,STU0545,First Year (PG),BA,23,Female
MSTU00546,STU0546,Third Year (TY),BCA,21,Female
MSTU00547,STU0547,Second Year (PG),BCA,24,Male
MSTU00548,STU0548,Third Year (TY),BCA,20,Female
MSTU00549,STU0549,First Year (FY),BSc Computer Science,18,Female
MSTU00550,STU0550,First Year (PG),BCA,23,Female
MSTU00551,STU0551,First Year (FY),BCom,18,Female
MSTU00552,STU0552,Third Year (TY),BA,21,Male
MSTU00553,STU0553,Third Year (TY),BCA,22,Male
MSTU00554,STU0554,Second Year (SY),BCA,20,Female
MSTU00555,STU0555,First Year (PG),BCA,22,Female
MSTU00556,STU0556,Second Year (PG),BSc Computer Science,26,Male
MSTU00557,STU0557,First Year (FY),BCA,18,Male
MSTU00558,STU0558,First Year (PG),BCA,22,Female
MSTU00559,STU0559,Final Year,BCA,22,Male
MSTU00560,STU0560,First Year (FY),BSc IT,17,Male
MSTU00561,STU0561,Third Year (TY),BCom,20,Male
MSTU00562,STU0562,Second Year (PG),BCA,23,Female
MSTU00563,STU0563,Third Year (TY),BA,20,Female
MSTU00564,STU0564,First Year (FY),BCA,18,Female
MSTU00565,STU0565,Third Year (TY),BSc Computer Science,22,Female
MSTU00566,STU0566,First Year (FY),BCA,17,Male
MSTU00567,STU0567,Third Year (TY),BCA,20,Female
MSTU00568,STU0568,Third Year (TY),BCA,22,Male
MSTU00569,STU0569,Second Year (PG),BCA,24,Male
MSTU00570,STU0570,Second Year (SY),BA,20,Female
MSTU00571,STU0571,Final Year,BSc IT,23,Female
MSTU00572,STU0572,Third Year (TY),BCA,20,Male
MSTU00573,STU0573,Second Year (PG),BBA,24,Female
MSTU00574,STU0574,First Year (FY),BCA,19,Male
MSTU00575,STU0575,Third Year (TY),BCA,22,Male
MSTU00576,STU0576,Second Year (SY),BA,21,Female
MSTU00577,STU0577,Second Year (SY),BSc Computer Science,21,Male
MSTU00578,STU0578,Second Year (SY),BCA,20,Male
MSTU00579,STU0579,Second Year (PG),BCA,24,Female
MSTU00580,STU0580,Second Year (SY),BCom,21,Male
MSTU00581,STU0581,Second Year (PG),BA,26,Female
MSTU00582,STU0582,Second Year (SY),BSc Cyber Security,20,Female
MSTU00583,STU0583,Third Year (TY),BBA,20,Male
MSTU00584,STU0584,Final Year,BCA,21,Female
MSTU00585,STU0585,First Year (FY),BSc Cyber Security,18,Female
MSTU00586,STU0586,Second Year (PG),BCom,23,Male
MSTU00587,STU0587,First Year (PG),BA,22,Male
MSTU00588,STU0588,Final Year,BCA,21,Male
MSTU00589,STU0589,Third Year (TY),BCA,22,Male
MSTU00590,STU0590,Final Year,BCA,23,Female
MSTU00591,STU0591,Final Year,BSc Computer Science,22,Male
MSTU00592,STU0592,First Year (FY),BSc IT,18,Male
MSTU00593,STU0593,Second Year (SY),BCA,20,Male
MSTU00594,STU0594,Second Year (SY),BCA,20,Male
MSTU00595,STU0595,First Year (PG),BCom,23,Other
MSTU00596,STU0596,First Year (PG),BCA,23,Male
MSTU00597,STU0597,Second Year (SY),BSc IT,20,Female
MSTU00598,STU0598,First Year (FY),BA,18,Female
MSTU00599,STU0599,Second Year (SY),BBA,21,Male
MSTU00600,STU0600,Second Year (SY),BSc IT,19,Male
MSTU00601,STU0601,Third Year (TY),BSc Computer Science,21,Male
MSTU00602,STU0602,Second Year (SY),BCA,21,Female
MSTU00603,STU0603,Third Year (TY),BSc IT,22,Female
MSTU00604,STU0604,Final Year,BCA,21,Male
MSTU00605,STU0605,Second Year (SY),BCA,21,Male
MSTU00606,STU0606,Second Year (SY),BSc Computer Science,21,Male
MSTU00607,STU0607,First Year (FY),BCA,17,Male
MSTU00608,STU0608,Final Year,BCA,22,Male
MSTU00609,STU0609,Second Year (SY),BCA,19,Male
MSTU00610,STU0610,Third Year (TY),BCA,20,Male
MSTU00611,STU0611,Second Year (SY),BCA,20,Male
MSTU00612,STU0612,Third Year (TY),BSc Computer Science,20,Male
MSTU00613,STU0613,Second Year (SY),BCA,21,Male
MSTU00614,STU0614,Second Year (SY),BCA,20,Male
MSTU00615,STU0615,First Year (PG),BCA,25,Female
MSTU00616,STU0616,Second Year (SY),BCA,20,Other
MSTU00617,STU0617,Final Year,BSc IT,21,Male
MSTU00618,STU0618,Third Year (TY),BA,20,Male
MSTU00619,STU0619,Second Year (SY),BSc IT,21,Male
MSTU00620,STU0620,First Year (PG),BCA,25,Male
MSTU00621,STU0621,First Year (FY),BCA,19,Male
MSTU00622,STU0622,First Year (FY),BSc Cyber Security,18,Male
MSTU00623,STU0623,Final Year,BSc IT,22,Female
MSTU00624,STU0624,Third Year (TY),BCA,21,Male
MSTU00625,STU0625,Second Year (SY),BSc Computer Science,20,Male
MSTU00626,STU0626,Second Year (PG),BSc Computer Science,26,Female
MSTU00627,STU0627,Second Year (SY),BSc Cyber Security,19,Male
MSTU00628,STU0628,First Year (FY),BCA,18,Other
MSTU00629,STU0629,First Year (PG),BCom,24,Male
MSTU00630,STU0630,First Year (PG),BCA,23,Male
MSTU00631,STU0631,First Year (FY),BSc IT,18,Male
MSTU00632,STU0632,Second Year (SY),BBA,19,Male
MSTU00633,STU0633,Second Year (SY),BCom,20,Male
MSTU00634,STU0634,Third Year (TY),BCA,21,Male
MSTU00635,STU0635,Second Year (SY),BCA,21,Male
MSTU00636,STU0636,First Year (FY),BCA,17,Male
MSTU00637,STU0637,First Year (PG),BCA,24,Other
MSTU00638,STU0638,Third Year (TY),BCA,21,Male
MSTU00639,STU0639,Third Year (TY),BCom,20,Male
MSTU00640,STU0640,Third Year (TY),BCA,21,Male
MSTU00641,STU0641,First Year (FY),BCA,19,Male
MSTU00642,STU0642,Third Year (TY),BCA,22,Female
MSTU00643,STU0643,Second Year (PG),BCA,26,Male
MSTU00644,STU0644,First Year (FY),BCA,19,Female
MSTU00645,STU0645,Second Year (SY),BCom,19,Male
MSTU00646,STU0646,First Year (FY),BCom,18,Male
MSTU00647,STU0647,First Year (PG),BCA,25,Male
MSTU00648,STU0648,First Year (FY),BCom,17,Male
MSTU00649,STU0649,Second Year (PG),BSc Computer Science,23,Male
MSTU00650,STU0650,Third Year (TY),BCA,22,Other
MSTU00651,STU0651,First Year (PG),BCA,22,Female
MSTU00652,STU0652,Second Year (PG),BCA,24,Female
MSTU00653,STU0653,Third Year (TY),BCA,22,Male
MSTU00654,STU0654,First Year (FY),BBA,17,Female
MSTU00655,STU0655,Second Year (SY),BSc Computer Science,20,Male
MSTU00656,STU0656,Second Year (PG),BSc Computer Science,23,Female
MSTU00657,STU0657,Second Year (SY),BCA,20,Male
MSTU00658,STU0658,Second Year (PG),BA,26,Female
MSTU00659,STU0659,Final Year,BCA,23,Male
MSTU00660,STU0660,First Year (PG),BCA,22,Female
MSTU00661,STU0661,Second Year (SY),BCA,19,Female
MSTU00662,STU0662,Third Year (TY),BCA,20,Female
MSTU00663,STU0663,First Year (FY),BCA,17,Male
MSTU00664,STU0664,Second Year (SY),BCA,19,Other
MSTU00665,STU0665,First Year (PG),BCA,23,Female
MSTU00666,STU0666,First Year (FY),BCA,17,Female
MSTU00667,STU0667,Third Year (TY),BCA,21,Male
MSTU00668,STU0668,First Year (PG),BCA,24,Female
MSTU00669,STU0669,Second Year (PG),BSc Computer Science,23,Male
MSTU00670,STU0670,First Year (PG),BSc Cyber Security,24,Male
MSTU00671,STU0671,First Year (PG),BCA,24,Female
MSTU00672,STU0672,First Year (FY),BSc IT,17,Female
MSTU00673,STU0673,First Year (PG),BCA,24,Female
MSTU00674,STU0674,Second Year (PG),BCA,26,Male
MSTU00675,STU0675,First Year (FY),BCA,18,Male
MSTU00676,STU0676,Second Year (SY),BCA,20,Male
MSTU00677,STU0677,Final Year,BCom,22,Male
MSTU00678,STU0678,Final Year,BBA,23,Male
MSTU00679,STU0679,Third Year (TY),BCA,21,Female
MSTU00680,STU0680,Second Year (SY),BSc Computer Science,20,Male
MSTU00681,STU0681,Second Year (SY),BCA,21,Female
MSTU00682,STU0682,Final Year,BBA,22,Female
MSTU00683,STU0683,Final Year,BCA,21,Female
MSTU00684,STU0684,Second Year (SY),BCA,20,Male
MSTU00685,STU0685,Third Year (TY),BCA,22,Male
MSTU00686,STU0686,Second Year (SY),BCA,21,Female
MSTU00687,STU0687,Final Year,BSc Computer Science,21,Male
MSTU00688,STU0688,Second Year (SY),BCA,19,Male
MSTU00689,STU0689,First Year (PG),BCA,25,Female
MSTU00690,STU0690,Second Year (PG),BA,23,Male
MSTU00691,STU0691,First Year (PG),BCA,24,Other
MSTU00692,STU0692,First Year (PG),BCA,24,Male
MSTU00693,STU0693,Second Year (SY),BCom,19,Female
MSTU00694,STU0694,Second Year (SY),BSc Computer Science,19,Male
MSTU00695,STU0695,Second Year (SY),BCom,20,Female
MSTU00696,STU0696,Final Year,BCom,21,Female
MSTU00697,STU0697,Second Year (SY),BSc Computer Science,21,Female
MSTU00698,STU0698,Final Year,BA,22,Male
MSTU00699,STU0699,Second Year (SY),BBA,21,Male
MSTU00700,STU0700,Final Year,BCA,21,Other
MSTU00701,STU0701,Final Year,BCA,21,Male
MSTU00702,STU0702,Second Year (SY),BBA,21,Female
MSTU00703,STU0703,Final Year,BBA,23,Female
MSTU00704,STU0704,First Year (FY),BCA,18,Male
MSTU00705,STU0705,Third Year (TY),BCA,21,Male
MSTU00706,STU0706,First Year (PG),BCA,24,Female
MSTU00707,STU0707,First Year (FY),BSc IT,17,Male
MSTU00708,STU0708,Third Year (TY),BSc Cyber Security,22,Male
MSTU00709,STU0709,First Year (FY),BSc Computer Science,17,Female
MSTU00710,STU0710,Second Year (PG),BSc Computer Science,24,Female
MSTU00711,STU0711,First Year (PG),BSc Computer Science,22,Male
MSTU00712,STU0712,Second Year (SY),BCA,20,Male
MSTU00713,STU0713,First Year (FY),BCA,18,Male
MSTU00714,STU0714,First Year (FY),BCA,17,Male
MSTU00715,STU0715,Second Year (SY),BCA,21,Female
MSTU00716,STU0716,Second Year (SY),BCA,19,Male
MSTU00717,STU0717,Final Year,BA,21,Female
MSTU00718,STU0718,Final Year,BSc Computer Science,21,Male
MSTU00719,STU0719,Third Year (TY),BCA,22,Male
MSTU00720,STU0720,First Year (FY),BSc IT,18,Male
MSTU00721,STU0721,Third Year (TY),BCA,22,Male
MSTU00722,STU0722,Second Year (SY),BCA,19,Female
MSTU00723,STU0723,Second Year (SY),BBA,20,Female
MSTU00724,STU0724,Second Year (SY),BCA,19,Male
MSTU00725,STU0725,First Year (FY),BCA,18,Female
MSTU00726,STU0726,Second Year (SY),BCA,20,Male
MSTU00727,STU0727,Second Year (PG),BCA,25,Female
MSTU00728,STU0728,Second Year (SY),BCA,21,Female
MSTU00729,STU0729,Second Year (PG),BCom,23,Male
MSTU00730,STU0730,First Year (FY),BCA,19,Female
MSTU00731,STU0731,Final Year,BBA,22,Male
MSTU00732,STU0732,Third Year (TY),BCA,22,Male
MSTU00733,STU0733,Third Year (TY),BBA,22,Female
MSTU00734,STU0734,Third Year (TY),BCA,20,Male
MSTU00735,STU0735,Second Year (SY),BCA,21,Male
MSTU00736,STU0736,Second Year (SY),BCA,21,Female
MSTU00737,STU0737,First Year (FY),BSc Cyber Security,19,Female
MSTU00738,STU0738,Second Year (PG),BCA,25,Male
MSTU00739,STU0739,First Year (PG),BCA,23,Female
MSTU00740,STU0740,First Year (PG),BCA,22,Male
MSTU00741,STU0741,Third Year (TY),BCA,21,Female
MSTU00742,STU0742,Second Year (SY),BCA,20,Male
MSTU00743,STU0743,First Year (PG),BSc Computer Science,24,Male
MSTU00744,STU0744,Second Year (PG),BCA,24,Male
MSTU00745,STU0745,Second Year (SY),BSc IT,21,Male
MSTU00746,STU0746,Third Year (TY),BSc Computer Science,21,Male
MSTU00747,STU0747,Final Year,BCA,21,Male
MSTU00748,STU0748,Third Year (TY),BCom,21,Female
MSTU00749,STU0749,Final Year,BA,21,Male
MSTU00750,STU0750,First Year (PG),BSc Cyber Security,24,Female
MSTU00751,STU0751,Second Year (SY),BCA,19,Male
MSTU00752,STU0752,Third Year (TY),BCA,21,Male
MSTU00753,STU0753,Final Year,BCA,21,Male
MSTU00754,STU0754,Final Year,BSc Computer Science,22,Female
MSTU00755,STU0755,Second Year (PG),BCA,26,Female
MSTU00756,STU0756,Second Year (SY),BCA,19,Male
MSTU00757,STU0757,First Year (PG),BA,23,Male
MSTU00758,STU0758,Second Year (PG),BCom,24,Female
MSTU00759,STU0759,First Year (FY),BSc IT,18,Female
MSTU00760,STU0760,First Year (PG),BCA,22,Female
MSTU00761,STU0761,First Year (FY),BCA,18,Male
MSTU00762,STU0762,First Year (FY),BCA,19,Male
MSTU00763,STU0763,First Year (PG),BCA,22,Male
MSTU00764,STU0764,First Year (FY),BCA,18,Female
MSTU00765,STU0765,Third Year (TY),BBA,21,Male
MSTU00766,STU0766,Third Year (TY),BSc Computer Science,20,Male
MSTU00767,STU0767,First Year (PG),BCom,24,Male
MSTU00768,STU0768,First Year (FY),BCA,19,Male
MSTU00769,STU0769,Final Year,BCA,22,Male
MSTU00770,STU0770,First Year (FY),BSc Computer Science,19,Male
MSTU00771,STU0771,First Year (FY),BA,18,Male
MSTU00772,STU0772,Second Year (SY),BCA,19,Male
MSTU00773,STU0773,Third Year (TY),BCA,22,Male
MSTU00774,STU0774,First Year (FY),BCA,19,Male
MSTU00775,STU0775,Second Year (SY),BSc Computer Science,20,Female
MSTU00776,STU0776,Second Year (SY),BCA,20,Female
MSTU00777,STU0777,First Year (FY),BCA,19,Male
MSTU00778,STU0778,First Year (PG),BCA,22,Female
MSTU00779,STU0779,Second Year (SY),BCA,19,Male
MSTU00780,STU0780,Second Year (SY),BCA,19,Male
MSTU00781,STU0781,Second Year (SY),BSc IT,21,Male
MSTU00782,STU0782,Final Year,BSc Cyber Security,22,Male
MSTU00783,STU0783,Second Year (SY),BCom,21,Male
MSTU00784,STU0784,Second Year (PG),BSc Cyber Security,23,Female
MSTU00785,STU0785,Second Year (SY),BSc Computer Science,19,Male
MSTU00786,STU0786,Second Year (SY),BCA,21,Male
MSTU00787,STU0787,Second Year (SY),BSc Cyber Security,21,Male
MSTU00788,STU0788,First Year (FY),BCA,19,Female
MSTU00789,STU0789,Third Year (TY),BSc Computer Science,20,Female
MSTU00790,STU0790,Second Year (SY),BCA,21,Male
MSTU00791,STU0791,Second Year (PG),BCA,24,Female
MSTU00792,STU0792,First Year (FY),BCA,17,Male
MSTU00793,STU0793,Third Year (TY),BCA,22,Female
MSTU00794,STU0794,Third Year (TY),BSc Computer Science,21,Male
MSTU00795,STU0795,Third Year (TY),BCom,22,Male
MSTU00796,STU0796,First Year (PG),BCA,23,Female
MSTU00797,STU0797,Third Year (TY),BCA,20,Other
MSTU00798,STU0798,Second Year (SY),BSc IT,19,Male
MSTU00799,STU0799,Second Year (SY),BCA,21,Other
MSTU00800,STU0800,First Year (FY),BSc Computer Science,17,Male
MSTU00801,STU0801,Second Year (SY),BSc Computer Science,21,Male
MSTU00802,STU0802,Second Year (PG),BCA,23,Female
MSTU00803,STU0803,Second Year (SY),BCA,19,Male
MSTU00804,STU0804,First Year (PG),BCA,24,Male
MSTU00805,STU0805,Third Year (TY),BCom,20,Female
MSTU00806,STU0806,First Year (PG),BCA,23,Male
MSTU00807,STU0807,First Year (FY),BCA,19,Female
MSTU00808,STU0808,Second Year (SY),BCA,20,Male
MSTU00809,STU0809,Second Year (SY),BCA,19,Female
MSTU00810,STU0810,Second Year (PG),BBA,24,Female
MSTU00811,STU0811,Second Year (SY),BCA,19,Male
MSTU00812,STU0812,Second Year (SY),BCA,20,Female
MSTU00813,STU0813,Second Year (SY),BCA,19,Male
MSTU00814,STU0814,First Year (PG),BCom,23,Male
MSTU00815,STU0815,Third Year (TY),BCA,22,Male
MSTU00816,STU0816,First Year (FY),BCA,19,Male
MSTU00817,STU0817,Second Year (SY),BCA,20,Male
MSTU00818,STU0818,First Year (FY),BSc Cyber Security,18,Female
MSTU00819,STU0819,First Year (FY),BCA,18,Female
MSTU00820,STU0820,First Year (PG),BCA,23,Female
MSTU00821,STU0821,Second Year (SY),BCA,19,Female
MSTU00822,STU0822,First Year (FY),BCA,17,Male
MSTU00823,STU0823,Third Year (TY),BSc Computer Science,20,Male
MSTU00824,STU0824,First Year (FY),BCA,19,Male
MSTU00825,STU0825,Third Year (TY),BBA,22,Male
MSTU00826,STU0826,Second Year (SY),BCom,21,Female
MSTU00827,STU0827,First Year (FY),BCA,19,Male
MSTU00828,STU0828,First Year (FY),BBA,19,Male
MSTU00829,STU0829,Final Year,BCA,23,Male
MSTU00830,STU0830,Third Year (TY),BCA,21,Male
MSTU00831,STU0831,Second Year (SY),BCA,21,Male
MSTU00832,STU0832,Second Year (SY),BBA,20,Male
MSTU00833,STU0833,First Year (PG),BSc IT,23,Male
MSTU00834,STU0834,Second Year (PG),BSc Cyber Security,23,Male
MSTU00835,STU0835,Second Year (SY),BCA,20,Male
MSTU00836,STU0836,Final Year,BCom,23,Female
MSTU00837,STU0837,Second Year (SY),BCA,21,Male
MSTU00838,STU0838,First Year (PG),BBA,22,Male
MSTU00839,STU0839,Second Year (SY),BCA,21,Female
MSTU00840,STU0840,First Year (FY),BCA,19,Male
MSTU00841,STU0841,First Year (FY),BCA,19,Male
MSTU00842,STU0842,First Year (FY),BCA,18,Female
MSTU00843,STU0843,First Year (PG),BCA,22,Female
MSTU00844,STU0844,Final Year,BSc Computer Science,21,Male
MSTU00845,STU0845,Second Year (SY),BCA,19,Male
MSTU00846,STU0846,Third Year (TY),BCA,20,Male
MSTU00847,STU0847,First Year (FY),BSc Cyber Security,17,Male
MSTU00848,STU0848,Final Year,BCA,23,Female
MSTU00849,STU0849,Second Year (SY),BCom,21,Male
MSTU00850,STU0850,First Year (FY),BSc IT,17,Male
MSTU00851,STU0851,First Year (PG),BSc IT,22,Female
MSTU00852,STU0852,Second Year (SY),BSc Computer Science,21,Female
MSTU00853,STU0853,Second Year (SY),BSc IT,21,Male
MSTU00854,STU0854,First Year (FY),BSc IT,17,Male
MSTU00855,STU0855,First Year (FY),BCA,18,Male
MSTU00856,STU0856,First Year (FY),BSc Cyber Security,17,Female
MSTU00857,STU0857,Third Year (TY),BSc IT,20,Male
MSTU00858,STU0858,First Year (FY),BSc Computer Science,19,Female
MSTU00859,STU0859,Third Year (TY),BCA,22,Female
MSTU00860,STU0860,Final Year,BCA,23,Male
MSTU00861,STU0861,Third Year (TY),BSc Computer Science,20,Female
MSTU00862,STU0862,First Year (FY),BCA,19,Male
MSTU00863,STU0863,Final Year,BCA,23,Male
MSTU00864,STU0864,Second Year (SY),BCA,19,Female
MSTU00865,STU0865,First Year (FY),BSc IT,17,Male
MSTU00866,STU0866,Third Year (TY),BCA,21,Female
MSTU00867,STU0867,Third Year (TY),BCA,22,Male
MSTU00868,STU0868,Third Year (TY),BCA,21,Female
MSTU00869,STU0869,Second Year (SY),BCom,20,Female
MSTU00870,STU0870,Second Year (SY),BCA,20,Male
MSTU00871,STU0871,First Year (FY),BSc Computer Science,18,Male
MSTU00872,STU0872,Third Year (TY),BCA,21,Male
MSTU00873,STU0873,Third Year (TY),BCA,21,Female
MSTU00874,STU0874,Second Year (SY),BCA,20,Female
MSTU00875,STU0875,Third Year (TY),BBA,20,Other
MSTU00876,STU0876,First Year (FY),BBA,17,Female
MSTU00877,STU0877,Second Year (PG),BCA,24,Female
MSTU00878,STU0878,Third Year (TY),BSc Computer Science,22,Male
MSTU00879,STU0879,Second Year (SY),BCA,19,Female
MSTU00880,STU0880,Second Year (SY),BCA,19,Male
MSTU00881,STU0881,Second Year (SY),BSc Cyber Security,20,Female
MSTU00882,STU0882,First Year (FY),BCA,18,Female
MSTU00883,STU0883,First Year (PG),BCA,23,Female
MSTU00884,STU0884,Third Year (TY),BCA,20,Male
MSTU00885,STU0885,Final Year,BSc IT,22,Female
MSTU00886,STU0886,Third Year (TY),BSc Computer Science,20,Female
MSTU00887,STU0887,Second Year (SY),BCom,21,Female
MSTU00888,STU0888,First Year (PG),BBA,24,Female
MSTU00889,STU0889,Second Year (SY),BSc Computer Science,20,Male
MSTU00890,STU0890,First Year (FY),BSc IT,18,Female
MSTU00891,STU0891,Second Year (PG),BCom,26,Female
MSTU00892,STU0892,First Year (FY),BCA,19,Male
MSTU00893,STU0893,Third Year (TY),BSc Cyber Security,21,Male
MSTU00894,STU0894,Third Year (TY),BCA,22,Female
MSTU00895,STU0895,Second Year (SY),BCA,20,Female
MSTU00896,STU0896,Third Year (TY),BCA,22,Male
MSTU00897,STU0897,First Year (PG),BCA,24,Female
MSTU00898,STU0898,Second Year (SY),BCA,20,Female
MSTU00899,STU0899,Second Year (SY),BCA,21,Male
MSTU00900,STU0900,Second Year (SY),BCA,19,Male
MSTU00901,STU0901,Third Year (TY),BCA,21,Male
MSTU00902,STU0902,Final Year,BCA,22,Male
MSTU00903,STU0903,Second Year (SY),BCA,21,Male
MSTU00904,STU0904,Second Year (SY),BCA,19,Male
MSTU00905,STU0905,First Year (FY),BSc IT,19,Female
MSTU00906,STU0906,Third Year (TY),BBA,22,Other
MSTU00907,STU0907,Second Year (SY),BA,21,Female
MSTU00908,STU0908,Third Year (TY),BSc Computer Science,22,Male
MSTU00909,STU0909,First Year (PG),BCA,23,Male
MSTU00910,STU0910,Third Year (TY),BCA,20,Female
MSTU00911,STU0911,Second Year (SY),BCA,19,Male
MSTU00912,STU0912,First Year (FY),BCA,19,Male
MSTU00913,STU0913,Final Year,BSc Computer Science,22,Male
MSTU00914,STU0914,Second Year (SY),BCA,19,Female
MSTU00915,STU0915,First Year (PG),BSc Computer Science,23,Male
MSTU00916,STU0916,Second Year (SY),BCA,19,Male
MSTU00917,STU0917,First Year (PG),BSc Computer Science,25,Male
MSTU00918,STU0918,Second Year (SY),BSc Computer Science,20,Female
MSTU00919,STU0919,Second Year (SY),BA,21,Male
MSTU00920,STU0920,Second Year (SY),BBA,21,Female
MSTU00921,STU0921,Second Year (SY),BCA,19,Male
MSTU00922,STU0922,Second Year (PG),BCA,24,Female
MSTU00923,STU0923,First Year (FY),BCA,18,Female
MSTU00924,STU0924,Second Year (PG),BSc IT,25,Male
MSTU00925,STU0925,Second Year (SY),BCA,21,Female
MSTU00926,STU0926,First Year (FY),BSc Computer Science,19,Male
MSTU00927,STU0927,Second Year (PG),BA,24,Female
MSTU00928,STU0928,Second Year (SY),BSc Cyber Security,20,Male
MSTU00929,STU0929,First Year (FY),BCA,19,Female
MSTU00930,STU0930,First Year (PG),BSc Computer Science,24,Female
MSTU00931,STU0931,First Year (PG),BSc IT,22,Female
MSTU00932,STU0932,Second Year (PG),BCA,24,Male
MSTU00933,STU0933,First Year (FY),BA,17,Female
MSTU00934,STU0934,First Year (PG),BSc Computer Science,24,Other
MSTU00935,STU0935,First Year (PG),BCA,23,Female
MSTU00936,STU0936,First Year (PG),BCA,25,Female
MSTU00937,STU0937,First Year (PG),BCA,25,Female
MSTU00938,STU0938,Third Year (TY),BA,22,Female
MSTU00939,STU0939,First Year (FY),BSc IT,18,Male
MSTU00940,STU0940,Third Year (TY),BCA,21,Male
MSTU00941,STU0941,Final Year,BSc Cyber Security,23,Male
MSTU00942,STU0942,Final Year,BCA,21,Male
MSTU00943,STU0943,First Year (PG),BCA,25,Male
MSTU00944,STU0944,Second Year (SY),BCA,21,Male
MSTU00945,STU0945,First Year (FY),BSc IT,19,Male
MSTU00946,STU0946,Second Year (SY),BCA,19,Female
MSTU00947,STU0947,Third Year (TY),BA,22,Female
MSTU00948,STU0948,Second Year (PG),BCA,25,Female
MSTU00949,STU0949,Second Year (SY),BSc Computer Science,21,Male
MSTU00950,STU0950,First Year (FY),BSc IT,17,Male
MSTU00951,STU0951,First Year (PG),BCom,24,Female
MSTU00952,STU0952,Second Year (PG),BCA,25,Female
MSTU00953,STU0953,Third Year (TY),BCA,21,Male
MSTU00954,STU0954,First Year (FY),BCA,19,Male
MSTU00955,STU0955,Second Year (SY),BCom,20,Male
MSTU00956,STU0956,Second Year (SY),BA,19,Male
MSTU00957,STU0957,First Year (FY),BSc IT,18,Female
MSTU00958,STU0958,First Year (PG),BCA,22,Male
MSTU00959,STU0959,Third Year (TY),BCA,22,Male
MSTU00960,STU0960,Second Year (SY),BSc IT,20,Male
MSTU00961,STU0961,Second Year (SY),BCA,19,Male
MSTU00962,STU0962,First Year (FY),BCA,18,Male
MSTU00963,STU0963,Second Year (SY),BSc Computer Science,21,Female
MSTU00964,STU0964,Final Year,BSc Computer Science,23,Female
MSTU00965,STU0965,Second Year (SY),BSc IT,19,Female
MSTU00966,STU0966,First Year (PG),BSc Cyber Security,24,Male
MSTU00967,STU0967,First Year (PG),BCA,23,Male
MSTU00968,STU0968,First Year (PG),BCA,22,Male
MSTU00969,STU0969,Third Year (TY),BA,22,Female
MSTU00970,STU0970,Third Year (TY),BCA,22,Male
MSTU00971,STU0971,Second Year (SY),BCom,19,Female
MSTU00972,STU0972,First Year (PG),BSc IT,24,Female
MSTU00973,STU0973,First Year (FY),BCA,17,Male
MSTU00974,STU0974,First Year (FY),BCA,19,Female
MSTU00975,STU0975,First Year (FY),BSc Computer Science,17,Male
MSTU00976,STU0976,First Year (PG),BCA,23,Female
MSTU00977,STU0977,First Year (FY),BCom,17,Male
MSTU00978,STU0978,First Year (FY),BSc Computer Science,17,Male
MSTU00979,STU0979,Second Year (SY),BSc IT,21,Male
MSTU00980,STU0980,First Year (FY),BCA,17,Male
MSTU00981,STU0981,Final Year,BCA,21,Female
MSTU00982,STU0982,Second Year (SY),BCom,21,Female
MSTU00983,STU0983,Second Year (SY),BCA,21,Male
MSTU00984,STU0984,First Year (FY),BCA,17,Male
MSTU00985,STU0985,Second Year (PG),BA,23,Male
MSTU00986,STU0986,Final Year,BSc Computer Science,22,Male
MSTU00987,STU0987,Second Year (SY),BCA,19,Male
MSTU00988,STU0988,Second Year (PG),BCA,26,Male
MSTU00989,STU0989,Third Year (TY),BSc Cyber Security,21,Male
MSTU00990,STU0990,First Year (FY),BSc Computer Science,19,Male
MSTU00991,STU0991,First Year (PG),BCA,24,Male
MSTU00992,STU0992,Final Year,BSc Computer Science,22,Male
MSTU00993,STU0993,Second Year (PG),BCA,23,Male
MSTU00994,STU0994,Third Year (TY),BSc Computer Science,20,Other
MSTU00995,STU0995,Second Year (SY),BCA,20,Female
MSTU00996,STU0996,Third Year (TY),BBA,20,Female
MSTU00997,STU0997,Third Year (TY),BBA,20,Female
MSTU00998,STU0998,Second Year (PG),BBA,26,Male
MSTU00999,STU0999,First Year (FY),BCA,19,Female
MSTU01000,STU1000,First Year (FY),BCom,17,Male
MSTU01001,STU1001,Third Year (TY),BCA,22,Female
MSTU01002,STU1002,Second Year (PG),BCA,23,Female
MSTU01003,STU1003,First Year (FY),BCA,19,Female
MSTU01004,STU1004,Third Year (TY),BCA,22,Female
MSTU01005,STU1005,Second Year (SY),BSc Computer Science,20,Male
MSTU01006,STU1006,Second Year (SY),BSc IT,20,Male
MSTU01007,STU1007,Final Year,BCom,22,Male
MSTU01008,STU1008,First Year (PG),BCom,22,Female
MSTU01009,STU1009,Second Year (SY),BCA,19,Male
MSTU01010,STU1010,First Year (PG),BCA,25,Male
MSTU01011,STU1011,Second Year (SY),BCom,21,Male
MSTU01012,STU1012,Second Year (SY),BCA,20,Male
MSTU01013,STU1013,Final Year,BSc Cyber Security,23,Male
MSTU01014,STU1014,Final Year,BCA,21,Female
MSTU01015,STU1015,Third Year (TY),BCA,20,Male
MSTU01016,STU1016,Final Year,BSc Computer Science,21,Female
MSTU01017,STU1017,Second Year (PG),BCA,23,Female
MSTU01018,STU1018,Third Year (TY),BCA,22,Male
MSTU01019,STU1019,Second Year (SY),BSc Computer Science,20,Male
MSTU01020,STU1020,Final Year,BCA,21,Male
MSTU01021,STU1021,First Year (FY),BCA,17,Male
MSTU01022,STU1022,First Year (FY),BCA,19,Female
MSTU01023,STU1023,First Year (FY),BSc IT,17,Male
MSTU01024,STU1024,Second Year (SY),BCA,19,Male
MSTU01025,STU1025,Third Year (TY),BCA,20,Female
MSTU01026,STU1026,Second Year (PG),BCA,24,Female
MSTU01027,STU1027,Second Year (SY),BCom,20,Female
MSTU01028,STU1028,Second Year (SY),BCA,21,Female
MSTU01029,STU1029,Second Year (SY),BCA,19,Female
MSTU01030,STU1030,Second Year (SY),BCA,19,Male
MSTU01031,STU1031,Third Year (TY),BSc Cyber Security,20,Male
MSTU01032,STU1032,Second Year (SY),BSc Computer Science,20,Female
MSTU01033,STU1033,Second Year (SY),BCA,21,Male
MSTU01034,STU1034,First Year (PG),BCA,23,Male
MSTU01035,STU1035,Second Year (SY),BA,19,Male
MSTU01036,STU1036,Second Year (PG),BCom,23,Male
MSTU01037,STU1037,First Year (FY),BBA,18,Male
MSTU01038,STU1038,Second Year (SY),BCA,20,Female
MSTU01039,STU1039,First Year (FY),BCA,18,Male
MSTU01040,STU1040,Third Year (TY),BCA,20,Male
MSTU01041,STU1041,Final Year,BCA,21,Male
MSTU01042,STU1042,First Year (PG),BCA,24,Male
MSTU01043,STU1043,Third Year (TY),BSc Computer Science,22,Male
MSTU01044,STU1044,Second Year (SY),BCA,21,Male
MSTU01045,STU1045,First Year (FY),BSc Cyber Security,17,Male
MSTU01046,STU1046,First Year (FY),BCA,19,Male
MSTU01047,STU1047,First Year (PG),BBA,25,Male
MSTU01048,STU1048,Second Year (SY),BCA,21,Male
MSTU01049,STU1049,First Year (FY),BSc Computer Science,19,Male
MSTU01050,STU1050,First Year (FY),BCA,19,Male
MSTU01051,STU1051,Second Year (SY),BBA,21,Male
MSTU01052,STU1052,Third Year (TY),BSc Computer Science,20,Female
MSTU01053,STU1053,Second Year (SY),BCA,20,Male
MSTU01054,STU1054,Second Year (SY),BSc Computer Science,20,Male
MSTU01055,STU1055,Second Year (SY),BCA,21,Female
MSTU01056,STU1056,Second Year (SY),BSc Computer Science,21,Male
MSTU01057,STU1057,Second Year (SY),BCA,20,Male
MSTU01058,STU1058,Second Year (SY),BCA,21,Male
MSTU01059,STU1059,First Year (PG),BCA,23,Male
MSTU01060,STU1060,Third Year (TY),BCA,20,Male
MSTU01061,STU1061,Third Year (TY),BCA,21,Female
MSTU01062,STU1062,First Year (FY),BCA,17,Other
MSTU01063,STU1063,Third Year (TY),BSc IT,22,Male
MSTU01064,STU1064,Second Year (SY),BCA,20,Male
MSTU01065,STU1065,First Year (PG),BCA,24,Male
MSTU01066,STU1066,First Year (FY),BCA,17,Male
MSTU01067,STU1067,First Year (FY),BCA,19,Male
MSTU01068,STU1068,Second Year (SY),BA,20,Male
MSTU01069,STU1069,Second Year (SY),BA,19,Male
MSTU01070,STU1070,Second Year (PG),BSc IT,23,Male
MSTU01071,STU1071,Third Year (TY),BSc Cyber Security,21,Male
MSTU01072,STU1072,Second Year (SY),BCom,20,Other
MSTU01073,STU1073,Third Year (TY),BSc Computer Science,20,Female
MSTU01074,STU1074,Second Year (SY),BCA,20,Male
MSTU01075,STU1075,Second Year (SY),BBA,20,Male
MSTU01076,STU1076,First Year (FY),BA,19,Male
MSTU01077,STU1077,First Year (FY),BCA,18,Male
MSTU01078,STU1078,Second Year (SY),BCA,21,Male
MSTU01079,STU1079,Second Year (SY),BCA,19,Male
MSTU01080,STU1080,Third Year (TY),BCA,21,Male
MSTU01081,STU1081,First Year (PG),BSc Computer Science,23,Male
MSTU01082,STU1082,Second Year (SY),BCA,21,Female
MSTU01083,STU1083,First Year (PG),BSc Computer Science,25,Male
MSTU01084,STU1084,First Year (FY),BCA,18,Female
MSTU01085,STU1085,First Year (FY),BCA,19,Male
MSTU01086,STU1086,Second Year (PG),BCA,24,Male
MSTU01087,STU1087,Second Year (SY),BA,19,Male
MSTU01088,STU1088,Second Year (PG),BSc Computer Science,26,Male
MSTU01089,STU1089,First Year (PG),BCom,25,Female
MSTU01090,STU1090,First Year (FY),BSc Cyber Security,18,Male
MSTU01091,STU1091,First Year (PG),BCA,25,Male
MSTU01092,STU1092,First Year (FY),BCA,18,Male
MSTU01093,STU1093,First Year (FY),BCA,17,Male
MSTU01094,STU1094,Second Year (SY),BCA,21,Male
MSTU01095,STU1095,Second Year (SY),BCA,21,Female
MSTU01096,STU1096,Third Year (TY),BSc IT,20,Female
MSTU01097,STU1097,First Year (FY),BCA,17,Male
MSTU01098,STU1098,Second Year (SY),BCA,19,Female
MSTU01099,STU1099,Final Year,BBA,22,Male
MSTU01100,STU1100,Third Year (TY),BCom,20,Male
MSTU01101,STU1101,First Year (PG),BCA,23,Female
MSTU01102,STU1102,Final Year,BBA,22,Male
MSTU01103,STU1103,Second Year (SY),BCA,19,Female
MSTU01104,STU1104,First Year (PG),BSc IT,25,Male
MSTU01105,STU1105,First Year (PG),BA,25,Male
MSTU01106,STU1106,Second Year (PG),BCA,24,Male
MSTU01107,STU1107,Second Year (SY),BSc Computer Science,19,Male
MSTU01108,STU1108,Second Year (SY),BSc Computer Science,21,Male
MSTU01109,STU1109,Second Year (SY),BCA,21,Other
MSTU01110,STU1110,First Year (PG),BCA,24,Male
MSTU01111,STU1111,First Year (PG),BCA,24,Male
MSTU01112,STU1112,Second Year (SY),BCA,20,Female
MSTU01113,STU1113,First Year (FY),BCA,19,Male
MSTU01114,STU1114,Second Year (SY),BCA,20,Female
MSTU01115,STU1115,Third Year (TY),BCA,20,Male
MSTU01116,STU1116,Second Year (SY),BCA,21,Other
MSTU01117,STU1117,Second Year (SY),BCom,21,Male
MSTU01118,STU1118,Second Year (SY),BCA,21,Female
MSTU01119,STU1119,Second Year (PG),BSc Computer Science,24,Male
MSTU01120,STU1120,First Year (FY),BCA,18,Male
MSTU01121,STU1121,Second Year (SY),BCA,19,Female
MSTU01122,STU1122,Second Year (SY),BCA,20,Male
MSTU01123,STU1123,Second Year (SY),BCA,19,Male
MSTU01124,STU1124,Second Year (SY),BSc Computer Science,19,Male
MSTU01125,STU1125,Final Year,BSc IT,22,Male
MSTU01126,STU1126,Final Year,BSc IT,23,Male
MSTU01127,STU1127,Second Year (SY),BCA,20,Male
MSTU01128,STU1128,Third Year (TY),BSc Cyber Security,20,Female
MSTU01129,STU1129,Second Year (SY),BCA,21,Male
MSTU01130,STU1130,Second Year (SY),BCA,19,Female
MSTU01131,STU1131,Second Year (PG),BCA,26,Male
MSTU01132,STU1132,First Year (FY),BCA,18,Male
MSTU01133,STU1133,Third Year (TY),BCA,22,Male
MSTU01134,STU1134,Second Year (SY),BBA,20,Male
MSTU01135,STU1135,Second Year (SY),BSc IT,20,Male
MSTU01136,STU1136,Second Year (SY),BCom,21,Male
MSTU01137,STU1137,Final Year,BCA,23,Male
MSTU01138,STU1138,Second Year (SY),BBA,19,Male
MSTU01139,STU1139,First Year (FY),BCA,19,Male
MSTU01140,STU1140,Third Year (TY),BCA,22,Male
MSTU01141,STU1141,Final Year,BCA,22,Male
MSTU01142,STU1142,Third Year (TY),BCA,22,Male
MSTU01143,STU1143,Third Year (TY),BCom,21,Male
MSTU01144,STU1144,First Year (PG),BCA,25,Male
MSTU01145,STU1145,First Year (PG),BCA,25,Male
MSTU01146,STU1146,Final Year,BCA,21,Female
MSTU01147,STU1147,First Year (PG),BCA,24,Male
MSTU01148,STU1148,Second Year (PG),BCA,24,Male
MSTU01149,STU1149,Second Year (SY),BA,20,Male
MSTU01150,STU1150,First Year (PG),BSc IT,23,Female
MSTU01151,STU1151,First Year (FY),BSc Cyber Security,19,Male
MSTU01152,STU1152,Third Year (TY),BCA,22,Male
MSTU01153,STU1153,Final Year,BSc IT,23,Male
MSTU01154,STU1154,Second Year (SY),BCA,20,Female
MSTU01155,STU1155,Third Year (TY),BSc IT,20,Male
MSTU01156,STU1156,First Year (FY),BCA,17,Male
MSTU01157,STU1157,First Year (FY),BCA,19,Male
MSTU01158,STU1158,Second Year (SY),BCA,21,Male
MSTU01159,STU1159,Second Year (SY),BCA,21,Male
MSTU01160,STU1160,First Year (FY),BCA,18,Male
MSTU01161,STU1161,Third Year (TY),BCA,20,Male
MSTU01162,STU1162,Third Year (TY),BCom,21,Male
MSTU01163,STU1163,Second Year (SY),BCA,20,Male
MSTU01164,STU1164,Third Year (TY),BCA,21,Female
MSTU01165,STU1165,Second Year (SY),BCA,19,Male
MSTU01166,STU1166,Third Year (TY),BCA,22,Male
MSTU01167,STU1167,Third Year (TY),BSc Cyber Security,20,Male
MSTU01168,STU1168,First Year (PG),BA,23,Male
MSTU01169,STU1169,Final Year,BCA,23,Female
MSTU01170,STU1170,Second Year (SY),BA,19,Male
MSTU01171,STU1171,Second Year (PG),BSc Cyber Security,26,Male
MSTU01172,STU1172,First Year (FY),BSc IT,17,Male
MSTU01173,STU1173,Third Year (TY),BSc Computer Science,21,Male
MSTU01174,STU1174,Final Year,BSc IT,21,Female
MSTU01175,STU1175,Final Year,BCA,22,Male
MSTU01176,STU1176,First Year (FY),BCom,19,Male
MSTU01177,STU1177,Second Year (SY),BBA,20,Female
MSTU01178,STU1178,First Year (FY),BSc IT,17,Male
MSTU01179,STU1179,Second Year (SY),BCA,20,Male
MSTU01180,STU1180,First Year (FY),BCA,19,Other
MSTU01181,STU1181,First Year (FY),BCA,17,Male
MSTU01182,STU1182,Second Year (SY),BSc Computer Science,21,Male
MSTU01183,STU1183,First Year (PG),BCA,24,Male
MSTU01184,STU1184,Second Year (SY),BCA,20,Female
MSTU01185,STU1185,Second Year (SY),BCA,21,Male
MSTU01186,STU1186,First Year (FY),BCA,19,Male
MSTU01187,STU1187,Second Year (SY),BCA,19,Female
MSTU01188,STU1188,Second Year (PG),BA,25,Male
MSTU01189,STU1189,Second Year (PG),BCA,25,Male
MSTU01190,STU1190,Second Year (SY),BCA,19,Male
MSTU01191,STU1191,Second Year (SY),BCom,21,Male
MSTU01192,STU1192,Third Year (TY),BCA,22,Male
MSTU01193,STU1193,Final Year,BCA,21,Male
MSTU01194,STU1194,Third Year (TY),BSc Computer Science,20,Male
MSTU01195,STU1195,Second Year (SY),BSc IT,21,Female
MSTU01196,STU1196,Second Year (SY),BSc Cyber Security,19,Female
MSTU01197,STU1197,First Year (FY),BCA,18,Male
MSTU01198,STU1198,First Year (FY),BSc IT,17,Female
MSTU01199,STU1199,Second Year (SY),BCA,21,Male
MSTU01200,STU1200,First Year (FY),BCA,17,Female
